광고 세트 이름,연령,성,일,캠페인 이름,결과,도달수,노출,결과당 비용,지출 금액 (KRW),빈도,고유 링크 클릭,링크 클릭,랜딩 페이지 조회,랜딩 페이지 조회당 비용,페이지 참여,게시물 댓글,게시물 참여,게시물 공감,게시물 저장,게시물 공유,보고 시작,보고 종료
9 (인스타피드),18-24,unknown,2021-04-30,9 (전체),1,1,1,7,7,1,1,1,,,1,,1,,,,2021-04-30,2021-04-30
9 (페이스북),18-24,male,2021-04-30,9 (전체),1,114,115,603.485141,603.485141,1.00877193,1,1,,,1,,1,,,,2021-04-30,2021-04-30
9 (페이스북),18-24,female,2021-04-30,9 (전체),62,2085,2102,188.5870888,11692.39951,1.008153477,55,62,,,67,1,67,1,,3,2021-04-30,2021-04-30
9 (페이스북),25-34,male,2021-04-30,9 (전체),3,82,82,178.4768106,535.4304319,1,3,3,,,3,,3,,,,2021-04-30,2021-04-30
9 (페이스북),Unknown,unknown,2021-04-30,9 (전체),,0,0,,0,0,,,2,,,,,,,,2021-04-30,2021-04-30
9 (인스타피드),25-34,unknown,2021-04-30,9 (전체),,2,2,,25,1,,,,,,,,,,,2021-04-30,2021-04-30
9 (페이스북),25-34,female,2021-04-30,9 (전체),39,1042,1050,181.3252544,7071.68492,1.007677543,35,39,,,42,1,42,,,2,2021-04-30,2021-04-30
9 (인스타피드),25-34,female,2021-04-30,9 (전체),4,106,107,256.75,1027,1.009433962,4,4,,,5,,5,,1,,2021-04-30,2021-04-30
9 (인스타피드),18-24,female,2021-04-30,9 (전체),10,220,220,146.3,1463,1,10,10,,,13,,13,,3,,2021-04-30,2021-04-30
9 (인스타피드),18-24,male,2021-04-30,9 (전체),2,68,68,245.5,491,1,2,2,,,3,,3,,1,,2021-04-30,2021-04-30
9 (인스타피드),25-34,male,2021-04-30,9 (전체),1,42,42,319,319,1,1,1,,,1,,1,,,,2021-04-30,2021-04-30
9 (인스타피드),18-24,male,2021-04-29,9 (전체),1,12,12,52,52,1,1,1,,,1,,1,,,,2021-04-29,2021-04-29
9 (인스타피드),18-24,unknown,2021-04-29,9 (전체),1,1,1,14,14,1,1,1,,,1,,1,,,,2021-04-29,2021-04-29
9 (인스타피드),25-34,unknown,2021-04-29,9 (전체),,1,1,,8,1,,,,,,,,,,,2021-04-29,2021-04-29
9 (인스타피드),25-34,female,2021-04-29,9 (전체),3,60,60,92,276,1,3,3,,,3,,3,,,,2021-04-29,2021-04-29
9 (인스타스토리),18-24,female,2021-04-29,9 (전체),1,1,1,7,7,1,1,1,,,1,,1,,,,2021-04-29,2021-04-29
9 (인스타스토리),Unknown,unknown,2021-04-29,9 (전체),,0,0,,0,0,,,1,,,,,,,,2021-04-29,2021-04-29
9 (인스타피드),18-24,female,2021-04-29,9 (전체),5,136,137,134.4,672,1.007352941,5,5,,,5,,5,,,,2021-04-29,2021-04-29
9 (인스타피드),25-34,male,2021-04-29,9 (전체),,16,16,,71,1,,,,,,,,,,,2021-04-29,2021-04-29
9 (페이스북),18-24,unknown,2021-04-29,9 (전체),,2,2,,10.02608457,1,,,,,,,,,,,2021-04-29,2021-04-29
9 (페이스북),25-34,unknown,2021-04-29,9 (전체),,2,2,,9.023476112,1,,,,,,,,,,,2021-04-29,2021-04-29
9 (페이스북),18-24,male,2021-04-29,9 (전체),,119,120,,487.26771,1.008403361,,,,,,,,,,,2021-04-29,2021-04-29
9 (페이스북),25-34,male,2021-04-29,9 (전체),3,110,111,174.4538715,523.3616145,1.009090909,3,3,,,3,,3,,,,2021-04-29,2021-04-29
9 (페이스북),25-34,female,2021-04-29,9 (전체),39,950,955,135.1721863,5271.715266,1.005263158,37,39,,,43,,43,3,,1,2021-04-29,2021-04-29
9 (페이스북),18-24,female,2021-04-29,9 (전체),57,1718,1735,145.6948394,8304.605848,1.009895227,53,57,,,71,3,71,3,2,6,2021-04-29,2021-04-29
9 (인스타피드),18-24,female,2021-04-28,9 (전체),55,1327,1347,136.8909091,7529,1.01507159,54,55,,,66,,66,4,6,1,2021-04-28,2021-04-28
9 (인스타피드),18-24,male,2021-04-28,9 (전체),6,117,118,114.6666667,688,1.008547009,6,6,,,8,,8,1,1,,2021-04-28,2021-04-28
9 (페이스북),25-34,unknown,2021-04-28,9 (전체),,6,6,,24.00110088,1,,,,,,,,,,,2021-04-28,2021-04-28
9 (페이스북),18-24,unknown,2021-04-28,9 (전체),,8,10,,44.00201829,1.25,,,,,,,,,,,2021-04-28,2021-04-28
9 (인스타스토리),18-24,female,2021-04-28,9 (전체),,2,2,,5,1,,,,,,,,,,,2021-04-28,2021-04-28
9 (인스타피드),25-34,male,2021-04-28,9 (전체),5,96,98,104.4,522,1.020833333,5,5,,,5,,5,,,,2021-04-28,2021-04-28
9 (인스타피드),Unknown,unknown,2021-04-28,9 (전체),,0,0,,0,0,,,4,,,,,,,,2021-04-28,2021-04-28
9 (인스타피드),25-34,unknown,2021-04-28,9 (전체),,2,2,,8,1,,,,,,,,,,,2021-04-28,2021-04-28
9 (인스타피드),13-17,unknown,2021-04-28,9 (전체),,1,1,,6,1,,,,,,,,,,,2021-04-28,2021-04-28
9 (인스타피드),18-24,unknown,2021-04-28,9 (전체),,2,2,,9,1,,,,,,,,,,,2021-04-28,2021-04-28
9 (페이스북),Unknown,unknown,2021-04-28,9 (전체),,0,0,,0,0,,,3,,,,,,,,2021-04-28,2021-04-28
9 (페이스북),18-24,male,2021-04-28,9 (전체),4,352,390,409.2687724,1637.075089,1.107954545,4,4,,,6,,6,1,,1,2021-04-28,2021-04-28
9 (페이스북),25-34,male,2021-04-28,9 (전체),11,328,343,141.5519473,1557.07142,1.045731707,11,11,,,11,,11,,,,2021-04-28,2021-04-28
9 (페이스북),25-34,female,2021-04-28,9 (전체),156,4259,4259,147.6798507,23038.05671,1,148,156,,,170,2,170,5,2,5,2021-04-28,2021-04-28
9 (페이스북),18-24,female,2021-04-28,9 (전체),238,8045,8234,164.3058557,39104.79366,1.023492853,225,238,,,258,4,258,4,6,6,2021-04-28,2021-04-28
9 (인스타피드),25-34,female,2021-04-28,9 (전체),19,845,855,298.7894737,5677,1.01183432,19,19,,,27,,27,4,4,,2021-04-28,2021-04-28
9 (인스타스토리),18-24,female,2021-04-27,9 (전체),,10,10,,28,1,,,,,,,,,,,2021-04-27,2021-04-27
9 (인스타스토리),18-24,male,2021-04-27,9 (전체),,2,2,,5,1,,,,,,,,,,,2021-04-27,2021-04-27
9 (페이스북),25-34,male,2021-04-27,9 (전체),15,382,394,144.4319165,2166.478747,1.031413613,15,15,,,15,,15,,,,2021-04-27,2021-04-27
9 (페이스북),18-24,male,2021-04-27,9 (전체),10,388,420,178.2393872,1782.393872,1.082474227,10,10,,,11,,11,,,1,2021-04-27,2021-04-27
9 (페이스북),18-24,unknown,2021-04-27,9 (전체),,4,9,,53.0117145,2.25,,,,,,,,,,,2021-04-27,2021-04-27
9 (페이스북),25-34,unknown,2021-04-27,9 (전체),,3,3,,13.00287337,1,,,,,,,,,,,2021-04-27,2021-04-27
9 (인스타피드),Unknown,unknown,2021-04-27,9 (전체),,1,1,,15.00206906,1,,,,,,,,,,,2021-04-27,2021-04-27
9 (인스타피드),13-17,unknown,2021-04-27,9 (전체),,2,2,,13.00179319,1,,,,,,,,,,,2021-04-27,2021-04-27
9 (인스타피드),25-34,male,2021-04-27,9 (전체),9,217,225,157.1327826,1414.195043,1.036866359,9,9,,,9,,9,,,,2021-04-27,2021-04-27
9 (인스타피드),18-24,unknown,2021-04-27,9 (전체),1,11,11,98.01351786,98.01351786,1,1,1,,,2,,2,,1,,2021-04-27,2021-04-27
9 (페이스북),25-34,female,2021-04-27,9 (전체),164,3465,3764,137.8414357,22605.99546,1.086291486,150,164,,,175,3,175,1,,7,2021-04-27,2021-04-27
9 (인스타피드),18-24,male,2021-04-27,9 (전체),9,208,213,135.5742537,1220.168284,1.024038462,9,9,,,11,,11,,2,,2021-04-27,2021-04-27
9 (인스타피드),25-34,female,2021-04-27,9 (전체),43,1081,1098,190.5146476,8192.129845,1.015726179,43,43,,,51,,51,2,6,,2021-04-27,2021-04-27
9 (인스타피드),18-24,female,2021-04-27,9 (전체),61,1796,1838,176.2046297,10748.48241,1.023385301,61,61,,,79,1,79,1,16,,2021-04-27,2021-04-27
9 (페이스북),18-24,female,2021-04-27,9 (전체),232,5921,6476,138.8280919,32208.11733,1.093734167,219,232,,,249,1,249,3,3,10,2021-04-27,2021-04-27
9 (인스타피드),25-34,unknown,2021-04-27,9 (전체),,10,10,,51.00703481,1,,,,,,,,,,,2021-04-27,2021-04-27
9 (페이스북),18-24,female,2021-04-26,9 (전체),73,1737,1800,137.6712329,10050,1.03626943,66,73,,,80,,80,,1,6,2021-04-26,2021-04-26
9 (페이스북),25-34,unknown,2021-04-26,9 (전체),,2,2,,11,1,,,,,,,,,,,2021-04-26,2021-04-26
9 (페이스북),18-24,unknown,2021-04-26,9 (전체),1,6,7,58,58,1.166666667,1,1,,,1,,1,,,,2021-04-26,2021-04-26
9 (페이스북),18-24,male,2021-04-26,9 (전체),2,569,579,1395,2790,1.017574692,2,2,,,2,,2,,,,2021-04-26,2021-04-26
9 (페이스북),25-34,male,2021-04-26,9 (전체),13,291,295,151.8461538,1974,1.013745704,12,13,,,14,,14,,,1,2021-04-26,2021-04-26
9 (페이스북),25-34,female,2021-04-26,9 (전체),27,722,741,181,4887,1.026315789,27,27,,,28,,28,,,1,2021-04-26,2021-04-26
9 (인스타스토리),18-24,male,2021-04-26,9 (전체),1,12,12,40,40,1,1,1,,,1,,1,,,,2021-04-26,2021-04-26
9 (인스타피드),18-24,male,2021-04-26,9 (전체),2,106,109,373,746,1.028301887,2,2,,,4,1,4,,1,,2021-04-26,2021-04-26
9 (인스타피드),25-34,male,2021-04-26,9 (전체),4,110,110,229.75,919,1,4,4,,,4,,4,,,,2021-04-26,2021-04-26
9 (인스타피드),25-34,female,2021-04-26,9 (전체),25,500,514,178.92,4473,1.028,25,25,,,32,,32,2,4,1,2021-04-26,2021-04-26
9 (인스타피드),18-24,female,2021-04-26,9 (전체),30,653,673,151.7,4551,1.030627871,28,30,,,41,,41,3,8,,2021-04-26,2021-04-26
9 (인스타피드),18-24,unknown,2021-04-26,9 (전체),,5,5,,22,1,,,,,,,,,,,2021-04-26,2021-04-26
9 (인스타피드),Unknown,unknown,2021-04-26,9 (전체),,1,1,,7,1,,,,,,,,,,,2021-04-26,2021-04-26
9 (인스타스토리),18-24,female,2021-04-26,9 (전체),,34,34,,153,1,,,,,,,,,,,2021-04-26,2021-04-26
9 (인스타스토리),25-34,female,2021-04-26,9 (전체),,4,4,,30,1,,,,,,,,,,,2021-04-26,2021-04-26
9 (인스타스토리),25-34,unknown,2021-04-26,9 (전체),,2,2,,9,1,,,,,,,,,,,2021-04-26,2021-04-26
6번,35-44,male,2021-04-26,4월 캠페인,,1,1,,25,1,,,,,,,,,,,2021-04-26,2021-04-26
9 (인스타피드),25-34,unknown,2021-04-26,9 (전체),,2,2,,10,1,,,,,,,,,,,2021-04-26,2021-04-26
10번,25-34,unknown,2021-04-25,4월 캠페인,,3,3,,13,1,,,,,,,,,,,2021-04-25,2021-04-25
3번,25-34,female,2021-04-25,4월 캠페인,8,201,202,178.8330526,1430.664421,1.004975124,8,8,,,72,,72,,,,2021-04-25,2021-04-25
4번,18-24,female,2021-04-25,4월 캠페인,54,747,757,129.9074074,7015,1.013386881,52,54,,,454,,454,,1,,2021-04-25,2021-04-25
6번,Unknown,unknown,2021-04-25,4월 캠페인,,1,1,,4,1,,,,,,,,,,,2021-04-25,2021-04-25
6번,35-44,unknown,2021-04-25,4월 캠페인,1,2,2,15,15,1,1,1,,,2,,2,,,,2021-04-25,2021-04-25
6번,25-34,unknown,2021-04-25,4월 캠페인,,5,6,,43,1.2,,,,,2,,2,,,,2021-04-25,2021-04-25
3번,18-24,female,2021-04-25,4월 캠페인,43,1214,1235,167.03106,7182.335579,1.017298188,43,43,,,418,,418,1,,1,2021-04-25,2021-04-25
6번,45-54,male,2021-04-25,4월 캠페인,,16,16,,66,1,,,,,11,,11,,,,2021-04-25,2021-04-25
6번,45-54,female,2021-04-25,4월 캠페인,1,23,24,219,219,1.043478261,1,1,,,10,,10,,,,2021-04-25,2021-04-25
4번,25-34,female,2021-04-25,4월 캠페인,9,134,134,161.8888889,1457,1,9,9,,,95,,95,,,,2021-04-25,2021-04-25
8번,Unknown,unknown,2021-04-25,4월 캠페인,,2,2,,8.005671078,1,,,,,,,,,,,2021-04-25,2021-04-25
5번,25-34,female,2021-04-25,4월 캠페인,40,706,719,150.7,6028,1.018413598,38,40,,,293,,293,,3,,2021-04-25,2021-04-25
5번,18-24,female,2021-04-25,4월 캠페인,12,261,269,191.8333333,2302,1.030651341,12,12,,,91,,91,1,1,,2021-04-25,2021-04-25
5번,35-44,female,2021-04-25,4월 캠페인,,30,30,,185,1,,,,,15,,15,,,,2021-04-25,2021-04-25
5번,Unknown,unknown,2021-04-25,4월 캠페인,,1,1,,21,1,,,,,,,,,,,2021-04-25,2021-04-25
6번,35-44,male,2021-04-25,4월 캠페인,3,92,92,216.3333333,649,1,3,3,,,57,,57,,,,2021-04-25,2021-04-25
6번,35-44,female,2021-04-25,4월 캠페인,5,97,97,147.2,736,1,5,5,,,39,,39,,,,2021-04-25,2021-04-25
6번,25-34,female,2021-04-25,4월 캠페인,12,318,323,193.1666667,2318,1.01572327,12,12,,,109,,109,2,4,2,2021-04-25,2021-04-25
8번,25-34,female,2021-04-25,4월 캠페인,50,1063,1087,159.6130671,7980.653355,1.022577611,49,50,,,450,,450,,4,1,2021-04-25,2021-04-25
8번,35-44,female,2021-04-25,4월 캠페인,2,46,47,240.6704868,481.3409735,1.02173913,1,2,,,19,,19,,,,2021-04-25,2021-04-25
9번,18-24,female,2021-04-25,4월 캠페인,9,583,590,289.7777778,2608,1.012006861,9,9,,,102,1,102,,1,,2021-04-25,2021-04-25
10번,18-24,female,2021-04-25,4월 캠페인,20,831,849,200.9,4018,1.02166065,19,20,,,154,,154,1,,,2021-04-25,2021-04-25
10번,18-24,unknown,2021-04-25,4월 캠페인,,4,4,,22,1,,,,,1,,1,,,,2021-04-25,2021-04-25
10번,25-34,female,2021-04-25,4월 캠페인,4,148,149,224,896,1.006756757,4,4,,,31,,31,1,,,2021-04-25,2021-04-25
10번,18-24,male,2021-04-25,4월 캠페인,39,297,299,69.28205128,2702,1.006734007,37,39,,,209,,209,,,1,2021-04-25,2021-04-25
10번,25-34,male,2021-04-25,4월 캠페인,8,90,91,103.375,827,1.011111111,8,8,,,45,,45,,,,2021-04-25,2021-04-25
9번,18-24,unknown,2021-04-25,4월 캠페인,1,3,3,20,20,1,1,1,,,2,,2,,,,2021-04-25,2021-04-25
9번,25-34,female,2021-04-25,4월 캠페인,3,101,103,171.3333333,514,1.01980198,3,3,,,38,,38,,,,2021-04-25,2021-04-25
9번,25-34,male,2021-04-25,4월 캠페인,18,123,124,72.61111111,1307,1.008130081,16,18,,,93,,93,,,,2021-04-25,2021-04-25
9번,18-24,male,2021-04-25,4월 캠페인,56,378,385,70.46428571,3946,1.018518519,55,56,,,322,,322,,,,2021-04-25,2021-04-25
6번,25-34,male,2021-04-25,4월 캠페인,30,334,336,103.1333333,3094,1.005988024,29,30,,,186,,186,,,,2021-04-25,2021-04-25
8 (페이스북),25-34,male,2021-03-29,8 - 남자 (전체),,0,0,,0,0,,,1,0,,,,,,,2021-03-29,2021-03-29
1 (페이스북),13-17,female,2021-03-29,1 (전체),,0,0,,0,0,,,1,0,,,,,,,2021-03-29,2021-03-29
9 (페이스북),18-24,female,2021-03-28,9 (전체),30,1079,1160,184.5940727,5537.82218,1.075069509,30,30,24,230.7425908,33,,33,1,1,1,2021-03-28,2021-03-28
9 (페이스북),18-24,male,2021-03-28,9 (전체),,105,109,,422.2151689,1.038095238,,,,,1,,1,1,,,2021-03-28,2021-03-28
9 (페이스북),25-34,male,2021-03-28,9 (전체),1,34,37,128.0652645,128.0652645,1.088235294,1,1,,,2,,2,,1,,2021-03-28,2021-03-28
6 (인스타피드),35-44,female,2021-03-28,6 (전체),8,195,197,221.5,1772,1.01025641,8,8,8,221.5,11,,11,2,1,,2021-03-28,2021-03-28
6 (인스타피드),25-34,female,2021-03-28,6 (전체),29,1109,1115,292.9310345,8495,1.00541028,29,29,26,326.7307692,33,,33,2,2,,2021-03-28,2021-03-28
6 (인스타피드),25-34,male,2021-03-28,6 (전체),5,239,239,328.6,1643,1,5,5,5,328.6,5,,5,,,,2021-03-28,2021-03-28
6 (인스타피드),35-44,male,2021-03-28,6 (전체),1,37,38,266,266,1.027027027,1,1,1,266,1,,1,,,,2021-03-28,2021-03-28
6 (인스타피드),25-34,unknown,2021-03-28,6 (전체),1,7,7,37,37,1,1,1,1,37,1,,1,,,,2021-03-28,2021-03-28
9 (페이스북),25-34,female,2021-03-28,9 (전체),7,281,302,248.6981699,1740.887189,1.074733096,7,7,6,290.1478649,7,,7,,,,2021-03-28,2021-03-28
7 (인스타피드),25-34,female,2021-03-28,7 (전체),27,702,706,235.0740741,6347,1.005698006,27,27,23,275.9565217,30,,30,1,2,,2021-03-28,2021-03-28
9 (페이스북),18-24,unknown,2021-03-28,9 (전체),,2,2,,20.01019758,1,,,,,,,,,,,2021-03-28,2021-03-28
7 (페이스북),35-44,male,2021-03-28,7 (전체),,167,176,,641,1.053892216,,,,,,,,,,,2021-03-28,2021-03-28
7 (페이스북),25-34,unknown,2021-03-28,7 (전체),,1,1,,3,1,,,,,,,,,,,2021-03-28,2021-03-28
6 (인스타피드),45-54,male,2021-03-28,6 (전체),,17,17,,79,1,,,,,,,,,,,2021-03-28,2021-03-28
8 (인스타피드),25-34,male,2021-03-28,8 - 남자 (전체),9,333,334,281.5555556,2534,1.003003003,9,9,9,281.5555556,11,,11,,2,,2021-03-28,2021-03-28
8 (인스타스토리),25-34,male,2021-03-28,8 - 남자 (전체),,18,18,,123,1,,,,,,,,,,,2021-03-28,2021-03-28
8 (인스타스토리),25-34,female,2021-03-28,8 - 여자 (전체),,28,29,,136,1.035714286,,,,,,,,,,,2021-03-28,2021-03-28
8 (인스타피드),25-34,female,2021-03-28,8 - 여자 (전체),29,896,899,251.5172414,7294,1.003348214,28,29,24,303.9166667,35,,35,4,1,1,2021-03-28,2021-03-28
8 (인스타피드),35-44,female,2021-03-28,8 - 여자 (전체),3,45,45,142.3333333,427,1,3,3,3,142.3333333,3,,3,,,,2021-03-28,2021-03-28
8 (인스타피드),Unknown,unknown,2021-03-28,8 - 여자 (전체),,2,2,,5,1,,,,,,,,,,,2021-03-28,2021-03-28
8 (페이스북),35-44,female,2021-03-28,8 - 여자 (전체),,1,1,,5,1,,,,,,,,,,,2021-03-28,2021-03-28
6 (인스타피드),45-54,female,2021-03-28,6 (전체),,24,24,,151,1,,,,,,,,,,,2021-03-28,2021-03-28
7 (페이스북),25-34,female,2021-03-28,7 (전체),3,110,114,206.3333333,619,1.036363636,3,3,3,206.3333333,3,,3,,,,2021-03-28,2021-03-28
6 (인스타피드),Unknown,unknown,2021-03-28,6 (전체),,3,3,,19,1,,,,,,,,,,,2021-03-28,2021-03-28
6 (페이스북),35-44,unknown,2021-03-28,6 (전체),,1,1,,6,1,,,,,,,,,,,2021-03-28,2021-03-28
10 (페이스북),18-24,male,2021-03-28,10 (전체),1,142,149,608,608,1.049295775,1,1,1,608,1,,1,,,,2021-03-28,2021-03-28
10 (페이스북),25-34,male,2021-03-28,10 (전체),,24,25,,95,1.041666667,,,,,,,,,,,2021-03-28,2021-03-28
7 (인스타피드),13-17,unknown,2021-03-28,7 (전체),,2,2,,10,1,,,,,,,,,,,2021-03-28,2021-03-28
7 (인스타피드),25-34,unknown,2021-03-28,7 (전체),,3,3,,13,1,,,,,,,,,,,2021-03-28,2021-03-28
10 (인스타피드),18-24,unknown,2021-03-28,10 (전체),,3,3,,6,1,,,,,,,,,,,2021-03-28,2021-03-28
10 (인스타피드),25-34,male,2021-03-28,10 (전체),1,54,54,348,348,1,1,1,1,348,1,,1,,,,2021-03-28,2021-03-28
10 (인스타피드),18-24,male,2021-03-28,10 (전체),2,108,110,303,606,1.018518519,2,2,1,606,3,,3,,1,,2021-03-28,2021-03-28
7 (인스타피드),Unknown,unknown,2021-03-28,7 (전체),,3,3,,29,1,,,,,,,,,,,2021-03-28,2021-03-28
7 (인스타피드),35-44,unknown,2021-03-28,7 (전체),,6,6,,42,1,,,,,,,,,,,2021-03-28,2021-03-28
10 (페이스북),18-24,female,2021-03-28,10 (전체),26,1178,1242,223.9615385,5823,1.054329372,23,26,20,291.15,28,,28,,,2,2021-03-28,2021-03-28
7 (인스타피드),45-54,male,2021-03-28,7 (전체),,21,21,,75,1,,,,,,,,,,,2021-03-28,2021-03-28
7 (인스타피드),25-34,male,2021-03-28,7 (전체),2,120,121,407.5,815,1.008333333,2,2,2,407.5,2,,2,,,,2021-03-28,2021-03-28
7 (인스타피드),45-54,female,2021-03-28,7 (전체),1,66,66,504,504,1,1,1,1,504,1,,1,,,,2021-03-28,2021-03-28
7 (인스타피드),35-44,male,2021-03-28,7 (전체),2,112,113,408.5,817,1.008928571,2,2,2,408.5,2,,2,,,,2021-03-28,2021-03-28
10 (인스타피드),18-24,female,2021-03-28,10 (전체),12,662,667,302.0833333,3625,1.00755287,12,12,10,362.5,15,,15,,3,,2021-03-28,2021-03-28
10 (인스타피드),25-34,female,2021-03-28,10 (전체),18,317,319,114.0555556,2053,1.006309148,18,18,13,157.9230769,19,,19,1,,,2021-03-28,2021-03-28
10 (페이스북),18-24,unknown,2021-03-28,10 (전체),,3,3,,9,1,,,,,,,,,,,2021-03-28,2021-03-28
7 (인스타피드),35-44,female,2021-03-28,7 (전체),18,460,461,232.1666667,4179,1.002173913,18,18,17,245.8235294,20,,20,1,1,,2021-03-28,2021-03-28
10 (페이스북),25-34,female,2021-03-28,10 (전체),8,268,287,181.125,1449,1.070895522,7,8,4,362.25,11,,11,1,1,1,2021-03-28,2021-03-28
10 (인스타피드),25-34,unknown,2021-03-28,10 (전체),,2,2,,88,1,,,,,,,,,,,2021-03-28,2021-03-28
6 (인스타피드),13-17,unknown,2021-03-28,6 (전체),,1,1,,7,1,,,,,,,,,,,2021-03-28,2021-03-28
8 (인스타피드),Unknown,unknown,2021-03-28,8 - 남자 (전체),,2,2,,15,1,,,,,,,,,,,2021-03-28,2021-03-28
10 (인스타스토리),25-34,male,2021-03-28,10 (전체),,1,1,,1,1,,,,,,,,,,,2021-03-28,2021-03-28
7 (페이스북),45-54,female,2021-03-28,7 (전체),1,78,81,342,342,1.038461538,1,1,1,342,1,,1,,,,2021-03-28,2021-03-28
7 (페이스북),45-54,male,2021-03-28,7 (전체),2,100,106,153,306,1.06,2,2,1,306,2,,2,,,,2021-03-28,2021-03-28
7 (페이스북),25-34,male,2021-03-28,7 (전체),1,46,49,201,201,1.065217391,1,1,1,201,1,,1,,,,2021-03-28,2021-03-28
7 (페이스북),35-44,female,2021-03-28,7 (전체),5,150,153,159.8,799,1.02,4,5,2,399.5,5,,5,,,,2021-03-28,2021-03-28
8 (인스타피드),35-44,male,2021-03-28,8 - 남자 (전체),1,14,14,155,155,1,1,1,,,1,,1,,,,2021-03-28,2021-03-28
10 (인스타스토리),18-24,male,2021-03-28,10 (전체),,11,11,,54,1,,,,,,,,,,,2021-03-28,2021-03-28
10 (인스타스토리),25-34,female,2021-03-28,10 (전체),,11,11,,36,1,,,,,,,,,,,2021-03-28,2021-03-28
8 (인스타피드),13-17,unknown,2021-03-28,8 - 남자 (전체),,1,1,,20,1,,,,,,,,,,,2021-03-28,2021-03-28
10 (인스타피드),13-17,unknown,2021-03-28,10 (전체),,1,1,,6,1,,,,,,,,,,,2021-03-28,2021-03-28
8 (페이스북),25-34,male,2021-03-28,8 - 남자 (전체),17,1558,1708,292.8705539,4978.799417,1.096277279,17,17,12,414.8999514,17,,17,,,,2021-03-28,2021-03-28
10 (인스타스토리),18-24,female,2021-03-28,10 (전체),4,178,178,156.75,627,1,4,4,3,209,4,,4,,,,2021-03-28,2021-03-28
7 (인스타스토리),35-44,female,2021-03-28,7 (전체),,4,4,,29,1,,,,,,,,,,,2021-03-28,2021-03-28
7 (인스타스토리),25-34,male,2021-03-28,7 (전체),,2,2,,6,1,,,,,,,,,,,2021-03-28,2021-03-28
7 (인스타스토리),25-34,female,2021-03-28,7 (전체),,2,2,,5,1,,,,,,,,,,,2021-03-28,2021-03-28
7 (인스타스토리),45-54,male,2021-03-28,7 (전체),,1,1,,1,1,,,,,,,,,,,2021-03-28,2021-03-28
7 (인스타스토리),45-54,female,2021-03-28,7 (전체),,1,1,,0,1,,,,,,,,,,,2021-03-28,2021-03-28
8 (페이스북),35-44,male,2021-03-28,8 - 남자 (전체),,46,47,,172.2005831,1.02173913,,,,,,,,,,,2021-03-28,2021-03-28
6 (페이스북),25-34,unknown,2021-03-28,6 (전체),,1,1,,1,1,,,,,,,,,,,2021-03-28,2021-03-28
8 (페이스북),25-34,female,2021-03-28,8 - 여자 (전체),3,22,25,42.33333333,127,1.136363636,3,3,2,63.5,5,1,5,1,,,2021-03-28,2021-03-28
6 (페이스북),35-44,male,2021-03-28,6 (전체),,72,75,,118,1.041666667,,,,,,,,,,,2021-03-28,2021-03-28
3 (페이스북),25-34,female,2021-03-28,3 (전체),9,410,430,180.4444444,1624,1.048780488,9,9,5,324.8,10,,10,,1,,2021-03-28,2021-03-28
6 (페이스북),45-54,male,2021-03-28,6 (전체),1,29,31,45,45,1.068965517,1,1,1,45,1,,1,,,,2021-03-28,2021-03-28
3 (인스타피드),18-24,female,2021-03-28,3 (전체),18,900,906,258.2777778,4649,1.006666667,17,18,13,357.6153846,23,,23,2,2,1,2021-03-28,2021-03-28
3 (인스타피드),Unknown,unknown,2021-03-28,3 (전체),,1,1,,6,1,,,,,,,,,,,2021-03-28,2021-03-28
2 (페이스북),18-24,unknown,2021-03-28,2 (전체),,1,1,,7,1,,,,,,,,,,,2021-03-28,2021-03-28
2 (페이스북),18-24,female,2021-03-28,2 (전체),38,1833,2037,225.7631579,8579,1.111292962,34,38,29,295.8275862,43,,43,4,,1,2021-03-28,2021-03-28
2 (페이스북),18-24,male,2021-03-28,2 (전체),3,288,318,281,843,1.104166667,3,3,3,281,3,,3,,,,2021-03-28,2021-03-28
3 (페이스북),18-24,female,2021-03-28,3 (전체),29,1511,1604,212.0344828,6149,1.061548643,29,29,23,267.3478261,30,,30,,,1,2021-03-28,2021-03-28
1 (인스타피드),18-24,female,2021-03-28,1 (전체),7,519,523,282.7142857,1979,1.007707129,7,7,6,329.8333333,12,,12,2,3,,2021-03-28,2021-03-28
1 (인스타피드),13-17,unknown,2021-03-28,1 (전체),,11,11,,26,1,,,,,,,,,,,2021-03-28,2021-03-28
2 (인스타피드),Unknown,unknown,2021-03-28,2 (전체),,1,1,,3,1,,,,,,,,,,,2021-03-28,2021-03-28
2 (인스타피드),18-24,female,2021-03-28,2 (전체),15,558,562,195.7333333,2936,1.007168459,14,15,11,266.9090909,21,,21,6,,,2021-03-28,2021-03-28
4 (페이스북),18-24,female,2021-03-28,4 (전체),9,300,313,138.1111111,1243,1.043333333,8,9,9,138.1111111,10,,10,,,1,2021-03-28,2021-03-28
4 (페이스북),25-34,female,2021-03-28,4 (전체),3,79,81,118.3333333,355,1.025316456,3,3,2,177.5,3,,3,,,,2021-03-28,2021-03-28
4 (인스타피드),18-24,female,2021-03-28,4 (전체),45,1515,1522,186.6888889,8401,1.004620462,45,45,37,227.0540541,53,1,53,4,3,,2021-03-28,2021-03-28
1 (인스타피드),13-17,female,2021-03-28,1 (전체),43,2457,2510,180.2790698,7752,1.021571022,43,43,38,204,56,,56,10,3,,2021-03-28,2021-03-28
1 (인스타피드),13-17,male,2021-03-28,1 (전체),5,407,408,168.4,842,1.002457002,5,5,5,168.4,7,,7,1,1,,2021-03-28,2021-03-28
4 (인스타피드),Unknown,unknown,2021-03-28,4 (전체),,3,3,,14,1,,,,,,,,,,,2021-03-28,2021-03-28
9 (인스타스토리),25-34,male,2021-03-28,9 (전체),,4,4,,34,1,,,,,,,,,,,2021-03-28,2021-03-28
2 (인스타스토리),18-24,unknown,2021-03-28,2 (전체),,5,5,,23,1,,,,,,,,,,,2021-03-28,2021-03-28
1 (페이스북),18-24,male,2021-03-28,1 (전체),,73,74,,176.2113933,1.01369863,,,,,,,,,,,2021-03-28,2021-03-28
1 (페이스북),18-24,female,2021-03-28,1 (전체),5,193,205,148.3780027,741.8900137,1.062176166,4,5,3,247.2966712,5,,5,,,,2021-03-28,2021-03-28
1 (페이스북),13-17,male,2021-03-28,1 (전체),8,472,563,160.9430765,1287.544612,1.19279661,7,8,4,321.8861531,8,,8,,,,2021-03-28,2021-03-28
1 (페이스북),13-17,female,2021-03-28,1 (전체),22,945,1077,164.9706355,3629.353981,1.13968254,18,22,18,201.6307767,24,,24,1,1,,2021-03-28,2021-03-28
9 (인스타스토리),18-24,unknown,2021-03-28,9 (전체),,1,1,,0,1,,,,,,,,,,,2021-03-28,2021-03-28
9 (인스타스토리),18-24,male,2021-03-28,9 (전체),,16,16,,45,1,,,,,,,,,,,2021-03-28,2021-03-28
1 (인스타피드),18-24,male,2021-03-28,1 (전체),1,75,75,257,257,1,1,1,1,257,1,,1,,,,2021-03-28,2021-03-28
9 (인스타스토리),25-34,female,2021-03-28,9 (전체),,22,22,,62,1,,,,,,,,,,,2021-03-28,2021-03-28
9 (인스타스토리),18-24,female,2021-03-28,9 (전체),5,307,311,180.2,901,1.013029316,5,5,4,225.25,5,,5,,,,2021-03-28,2021-03-28
2 (인스타스토리),18-24,male,2021-03-28,2 (전체),,44,45,,134,1.022727273,,,,,,,,,,,2021-03-28,2021-03-28
2 (인스타스토리),18-24,female,2021-03-28,2 (전체),8,558,564,231.375,1851,1.010752688,8,8,8,231.375,8,,8,,,,2021-03-28,2021-03-28
1 (인스타피드),Unknown,unknown,2021-03-28,1 (전체),,2,2,,8,1,,,,,,,,,,,2021-03-28,2021-03-28
3 (인스타피드),25-34,female,2021-03-28,3 (전체),7,198,198,198.1428571,1387,1,7,7,5,277.4,11,,11,1,3,,2021-03-28,2021-03-28
1 (인스타피드),18-24,unknown,2021-03-28,1 (전체),,5,5,,15,1,,,,,,,,,,,2021-03-28,2021-03-28
4 (인스타피드),25-34,female,2021-03-28,4 (전체),9,173,173,129.6666667,1167,1,9,9,6,194.5,12,,12,1,1,1,2021-03-28,2021-03-28
2 (인스타피드),18-24,male,2021-03-28,2 (전체),1,87,88,351,351,1.011494253,1,1,,,2,,2,1,,,2021-03-28,2021-03-28
2 (인스타피드),18-24,unknown,2021-03-28,2 (전체),,3,3,,15,1,,,,,,,,,,,2021-03-28,2021-03-28
5 (인스타피드),25-34,female,2021-03-28,5 (전체),32,669,672,186.53125,5969,1.004484305,32,32,26,229.5769231,39,,39,2,5,,2021-03-28,2021-03-28
9 (인스타피드),18-24,female,2021-03-28,9 (전체),41,1727,1741,233.3658537,9568,1.008106543,40,41,30,318.9333333,51,,51,1,9,,2021-03-28,2021-03-28
1 (인스타스토리),13-17,female,2021-03-28,1 (전체),24,1919,1991,189.125,4539,1.037519541,21,24,21,216.1428571,24,,24,,,,2021-03-28,2021-03-28
1 (인스타스토리),18-24,female,2021-03-28,1 (전체),4,216,218,199.5,798,1.009259259,4,4,3,266,4,,4,,,,2021-03-28,2021-03-28
1 (인스타스토리),18-24,male,2021-03-28,1 (전체),,11,11,,35,1,,,,,,,,,,,2021-03-28,2021-03-28
3 (인스타스토리),18-24,female,2021-03-28,3 (전체),2,197,198,389.5,779,1.005076142,2,2,2,389.5,2,,2,,,,2021-03-28,2021-03-28
3 (인스타스토리),25-34,female,2021-03-28,3 (전체),,18,18,,97,1,,,,,,,,,,,2021-03-28,2021-03-28
5 (인스타피드),18-24,female,2021-03-28,5 (전체),8,251,251,290.875,2327,1,8,8,7,332.4285714,11,,11,2,,1,2021-03-28,2021-03-28
1 (인스타스토리),13-17,male,2021-03-28,1 (전체),,120,120,,207,1,,,,,,,,,,,2021-03-28,2021-03-28
5 (인스타피드),35-44,female,2021-03-28,5 (전체),,6,6,,70,1,,,,,,,,,,,2021-03-28,2021-03-28
5 (인스타피드),Unknown,unknown,2021-03-28,5 (전체),,2,2,,32,1,,,,,,,,,,,2021-03-28,2021-03-28
6 (페이스북),25-34,male,2021-03-28,6 (전체),1,104,111,143,143,1.067307692,1,1,1,143,1,,1,,,,2021-03-28,2021-03-28
6 (페이스북),35-44,female,2021-03-28,6 (전체),1,84,90,245,245,1.071428571,1,1,1,245,1,,1,,,,2021-03-28,2021-03-28
6 (페이스북),45-54,female,2021-03-28,6 (전체),1,41,41,112,112,1,1,1,1,112,1,,1,,,,2021-03-28,2021-03-28
6 (페이스북),25-34,female,2021-03-28,6 (전체),1,318,343,1215,1215,1.078616352,1,1,1,1215,2,,2,1,,,2021-03-28,2021-03-28
9 (인스타피드),18-24,unknown,2021-03-28,9 (전체),,5,5,,40,1,,,,,1,,1,,1,,2021-03-28,2021-03-28
9 (인스타피드),25-34,female,2021-03-28,9 (전체),20,557,562,191.75,3835,1.008976661,20,20,17,225.5882353,21,,21,1,,,2021-03-28,2021-03-28
5 (인스타스토리),35-44,female,2021-03-28,5 (전체),,2,2,,14,1,,,,,,,,,,,2021-03-28,2021-03-28
9 (인스타피드),25-34,unknown,2021-03-28,9 (전체),,5,5,,23,1,,,,,,,,,,,2021-03-28,2021-03-28
4 (인스타피드),13-17,unknown,2021-03-28,4 (전체),,1,1,,1,1,,,,,,,,,,,2021-03-28,2021-03-28
4 (인스타스토리),18-24,female,2021-03-28,4 (전체),12,786,789,263.4166667,3161,1.003816794,12,12,11,287.3636364,12,,12,,,,2021-03-28,2021-03-28
4 (인스타스토리),25-34,female,2021-03-28,4 (전체),3,53,53,107,321,1,2,3,2,160.5,3,,3,,,,2021-03-28,2021-03-28
5 (페이스북),25-34,female,2021-03-28,5 (전체),19,730,773,190.2631579,3615,1.05890411,19,19,18,200.8333333,20,,20,,,1,2021-03-28,2021-03-28
1 (인스타스토리),13-17,unknown,2021-03-28,1 (전체),,5,5,,5,1,,,,,,,,,,,2021-03-28,2021-03-28
5 (페이스북),18-24,female,2021-03-28,5 (전체),11,342,358,157.8181818,1736,1.046783626,11,11,10,173.6,11,,11,,,,2021-03-28,2021-03-28
5 (페이스북),35-44,female,2021-03-28,5 (전체),,15,17,,62,1.133333333,,,,,,,,,,,2021-03-28,2021-03-28
9 (인스타피드),Unknown,unknown,2021-03-28,9 (전체),,2,2,,6,1,,,,,,,,,,,2021-03-28,2021-03-28
9 (인스타피드),25-34,male,2021-03-28,9 (전체),1,56,56,328,328,1,1,1,,,1,,1,,,,2021-03-28,2021-03-28
9 (인스타피드),18-24,male,2021-03-28,9 (전체),3,136,136,248.6666667,746,1,3,3,2,373,3,,3,,,,2021-03-28,2021-03-28
5 (인스타스토리),18-24,female,2021-03-28,5 (전체),1,57,57,338,338,1,1,1,1,338,1,,1,,,,2021-03-28,2021-03-28
5 (인스타스토리),25-34,female,2021-03-28,5 (전체),1,87,87,472,472,1,1,1,,,1,,1,,,,2021-03-28,2021-03-28
8 (인스타스토리),25-34,male,2021-03-27,8 - 남자 (전체),1,11,11,116,116,1,1,1,1,116,1,,1,,,,2021-03-27,2021-03-27
8 (인스타스토리),25-34,female,2021-03-27,8 - 여자 (전체),,23,23,,106,1,,,,,,,,,,,2021-03-27,2021-03-27
8 (페이스북),35-44,male,2021-03-27,8 - 남자 (전체),1,69,75,299.3584595,299.3584595,1.086956522,1,1,,,1,,1,,,,2021-03-27,2021-03-27
8 (인스타피드),25-34,male,2021-03-27,8 - 남자 (전체),4,259,263,586.5,2346,1.015444015,4,4,2,1173,6,,6,1,1,,2021-03-27,2021-03-27
8 (인스타피드),35-44,male,2021-03-27,8 - 남자 (전체),,12,12,,130,1,,,,,,,,,,,2021-03-27,2021-03-27
8 (페이스북),25-34,male,2021-03-27,8 - 남자 (전체),20,1442,1575,319.082077,6381.641541,1.09223301,18,20,12,531.8034617,21,,21,1,,,2021-03-27,2021-03-27
10 (페이스북),18-24,male,2021-03-27,10 (전체),1,155,167,1021,1021,1.077419355,1,1,2,510.5,1,,1,,,,2021-03-27,2021-03-27
10 (페이스북),18-24,female,2021-03-27,10 (전체),28,1049,1133,245.4285714,6872,1.080076263,27,28,19,361.6842105,31,1,31,1,1,,2021-03-27,2021-03-27
10 (인스타피드),13-17,unknown,2021-03-27,10 (전체),,1,1,,5,1,,,,,,,,,,,2021-03-27,2021-03-27
10 (페이스북),25-34,female,2021-03-27,10 (전체),8,163,173,153.625,1229,1.061349693,8,8,4,307.25,9,,9,1,,,2021-03-27,2021-03-27
10 (인스타스토리),25-34,male,2021-03-27,10 (전체),,3,3,,14,1,,,,,,,,,,,2021-03-27,2021-03-27
9 (인스타피드),18-24,female,2021-03-27,9 (전체),44,1525,1540,190.6136364,8387,1.009836066,42,44,33,254.1515152,64,,64,7,13,,2021-03-27,2021-03-27
9 (인스타피드),25-34,female,2021-03-27,9 (전체),10,360,363,251.6,2516,1.008333333,10,10,9,279.5555556,12,,12,,2,,2021-03-27,2021-03-27
9 (인스타피드),18-24,male,2021-03-27,9 (전체),2,122,124,299.5,599,1.016393443,2,2,2,299.5,2,,2,,,,2021-03-27,2021-03-27
9 (인스타피드),25-34,male,2021-03-27,9 (전체),,58,58,,364,1,,,,,,,,,,,2021-03-27,2021-03-27
9 (인스타피드),18-24,unknown,2021-03-27,9 (전체),,5,5,,33,1,,,,,,,,,,,2021-03-27,2021-03-27
8 (페이스북),35-44,female,2021-03-27,8 - 여자 (전체),,3,3,,28,1,,,,,,,,,,,2021-03-27,2021-03-27
9 (페이스북),18-24,unknown,2021-03-27,9 (전체),,1,1,,10.00266684,1,,,,,,,,,,,2021-03-27,2021-03-27
9 (페이스북),25-34,male,2021-03-27,9 (전체),2,83,87,298.5796053,597.1592106,1.048192771,2,2,2,298.5796053,2,,2,,,,2021-03-27,2021-03-27
9 (페이스북),18-24,male,2021-03-27,9 (전체),5,198,209,278.0741383,1390.370691,1.055555556,4,5,2,695.1853457,6,,6,,1,,2021-03-27,2021-03-27
9 (페이스북),25-34,female,2021-03-27,9 (전체),11,386,418,310.7192055,3417.911261,1.082901554,11,11,6,569.6518768,12,,12,1,,,2021-03-27,2021-03-27
9 (페이스북),18-24,female,2021-03-27,9 (전체),30,1318,1413,319.5852057,9587.55617,1.072078907,29,30,24,399.4815071,35,2,35,1,,2,2021-03-27,2021-03-27
10 (인스타스토리),18-24,unknown,2021-03-27,10 (전체),,1,1,,1,1,,,,,,,,,,,2021-03-27,2021-03-27
10 (인스타스토리),25-34,female,2021-03-27,10 (전체),,7,7,,15,1,,,,,,,,,,,2021-03-27,2021-03-27
10 (페이스북),25-34,male,2021-03-27,10 (전체),,35,35,,242,1,,,,,,,,,,,2021-03-27,2021-03-27
10 (인스타스토리),18-24,male,2021-03-27,10 (전체),,8,8,,11,1,,,,,,,,,,,2021-03-27,2021-03-27
10 (인스타스토리),18-24,female,2021-03-27,10 (전체),4,163,164,117.75,471,1.006134969,4,4,4,117.75,4,,4,,,,2021-03-27,2021-03-27
10 (인스타피드),18-24,unknown,2021-03-27,10 (전체),,4,4,,30,1,,,,,,,,,,,2021-03-27,2021-03-27
10 (인스타피드),25-34,unknown,2021-03-27,10 (전체),,4,4,,20,1,,,,,,,,,,,2021-03-27,2021-03-27
10 (인스타피드),25-34,female,2021-03-27,10 (전체),8,255,256,198.75,1590,1.003921569,8,8,6,265,9,,9,1,,,2021-03-27,2021-03-27
10 (인스타피드),25-34,male,2021-03-27,10 (전체),3,53,54,92.66666667,278,1.018867925,3,3,3,92.66666667,3,,3,,,,2021-03-27,2021-03-27
10 (인스타피드),18-24,female,2021-03-27,10 (전체),22,1009,1013,262.9090909,5784,1.003964321,22,22,18,321.3333333,31,,31,5,4,,2021-03-27,2021-03-27
10 (인스타피드),18-24,male,2021-03-27,10 (전체),5,149,149,132.2,661,1,5,5,5,132.2,6,,6,1,,,2021-03-27,2021-03-27
9 (인스타스토리),18-24,female,2021-03-27,9 (전체),1,97,99,257,257,1.020618557,1,1,,,1,,1,,,,2021-03-27,2021-03-27
9 (인스타스토리),18-24,male,2021-03-27,9 (전체),1,19,19,118,118,1,1,1,,,1,,1,,,,2021-03-27,2021-03-27
9 (인스타스토리),25-34,female,2021-03-27,9 (전체),,7,7,,22,1,,,,,,,,,,,2021-03-27,2021-03-27
9 (인스타스토리),25-34,male,2021-03-27,9 (전체),,4,4,,29,1,,,,,,,,,,,2021-03-27,2021-03-27
10 (페이스북),18-24,unknown,2021-03-27,10 (전체),,3,3,,35,1,,,,,,,,,,,2021-03-27,2021-03-27
9 (인스타피드),25-34,unknown,2021-03-27,9 (전체),,3,3,,8,1,,,,,,,,,,,2021-03-27,2021-03-27
3 (인스타스토리),18-24,female,2021-03-27,3 (전체),7,460,464,282.4285714,1977,1.008695652,7,7,5,395.4,7,,7,,,,2021-03-27,2021-03-27
8 (페이스북),25-34,female,2021-03-27,8 - 여자 (전체),,31,31,,240,1,,,,,,,,,,,2021-03-27,2021-03-27
6 (인스타피드),45-54,unknown,2021-03-27,6 (전체),,1,1,,1,1,,,,,,,,,,,2021-03-27,2021-03-27
6 (페이스북),25-34,unknown,2021-03-27,6 (전체),,2,2,,10.00226347,1,,,,,,,,,,,2021-03-27,2021-03-27
3 (인스타피드),18-24,female,2021-03-27,3 (전체),26,1100,1108,218.1923077,5673,1.007272727,26,26,23,246.6521739,34,,34,2,6,,2021-03-27,2021-03-27
3 (인스타피드),13-17,unknown,2021-03-27,3 (전체),,1,1,,13,1,,,,,,,,,,,2021-03-27,2021-03-27
6 (인스타피드),25-34,female,2021-03-27,6 (전체),35,968,976,253.2571429,8864,1.008264463,35,35,33,268.6060606,38,,38,,3,,2021-03-27,2021-03-27
6 (인스타피드),25-34,male,2021-03-27,6 (전체),6,193,193,252.1666667,1513,1,6,6,5,302.6,8,,8,1,1,,2021-03-27,2021-03-27
6 (인스타피드),35-44,female,2021-03-27,6 (전체),6,128,129,208.1666667,1249,1.0078125,6,6,4,312.25,6,,6,,,,2021-03-27,2021-03-27
6 (인스타피드),45-54,female,2021-03-27,6 (전체),1,8,8,49,49,1,1,1,1,49,1,,1,,,,2021-03-27,2021-03-27
6 (인스타피드),35-44,male,2021-03-27,6 (전체),,38,38,,321,1,,,,,,,,,,,2021-03-27,2021-03-27
6 (인스타피드),45-54,male,2021-03-27,6 (전체),,3,3,,26,1,,,,,,,,,,,2021-03-27,2021-03-27
6 (인스타피드),25-34,unknown,2021-03-27,6 (전체),,3,3,,19,1,,,,,,,,,,,2021-03-27,2021-03-27
6 (인스타피드),35-44,unknown,2021-03-27,6 (전체),,2,2,,17,1,,,,,,,,,,,2021-03-27,2021-03-27
1 (페이스북),13-17,female,2021-03-27,1 (전체),23,883,1023,201.0592741,4624.363305,1.158550396,23,23,13,355.7202542,25,,25,,,2,2021-03-27,2021-03-27
6 (페이스북),45-54,male,2021-03-27,6 (전체),,59,65,,107.0242191,1.101694915,,,,,,,,,,,2021-03-27,2021-03-27
1 (페이스북),13-17,male,2021-03-27,1 (전체),4,555,662,397.5162236,1590.064894,1.192792793,4,4,2,795.0324472,4,,4,,,,2021-03-27,2021-03-27
1 (페이스북),18-24,female,2021-03-27,1 (전체),2,241,256,599.4172531,1198.834506,1.062240664,2,2,2,599.4172531,2,,2,,,,2021-03-27,2021-03-27
7 (인스타스토리),35-44,female,2021-03-27,7 (전체),1,4,4,53,53,1,1,1,1,53,1,,1,,,,2021-03-27,2021-03-27
7 (인스타스토리),25-34,female,2021-03-27,7 (전체),,5,5,,17,1,,,,,,,,,,,2021-03-27,2021-03-27
4 (인스타스토리),25-34,female,2021-03-27,4 (전체),,41,42,,216,1.024390244,,,,,,,,,,,2021-03-27,2021-03-27
7 (인스타스토리),35-44,male,2021-03-27,7 (전체),,1,1,,2,1,,,,,,,,,,,2021-03-27,2021-03-27
7 (인스타스토리),25-34,male,2021-03-27,7 (전체),,1,1,,2,1,,,,,,,,,,,2021-03-27,2021-03-27
7 (인스타스토리),25-34,unknown,2021-03-27,7 (전체),,1,1,,3,1,,,,,,,,,,,2021-03-27,2021-03-27
1 (페이스북),18-24,male,2021-03-27,1 (전체),1,106,109,301.7200938,301.7200938,1.028301887,1,1,,,1,,1,,,,2021-03-27,2021-03-27
1 (페이스북),13-17,unknown,2021-03-27,1 (전체),,1,1,,3.017200938,1,,,,,,,,,,,2021-03-27,2021-03-27
2 (인스타스토리),18-24,female,2021-03-27,2 (전체),17,888,893,172.8823529,2939,1.005630631,16,17,10,293.9,17,,17,,,,2021-03-27,2021-03-27
6 (페이스북),45-54,female,2021-03-27,6 (전체),,54,55,,210.0475328,1.018518519,,,,,,,,,,,2021-03-27,2021-03-27
6 (페이스북),25-34,male,2021-03-27,6 (전체),,90,93,,286.0647352,1.033333333,,,,,,,,,,,2021-03-27,2021-03-27
2 (인스타스토리),18-24,unknown,2021-03-27,2 (전체),,7,7,,38,1,,,,,,,,,,,2021-03-27,2021-03-27
5 (인스타피드),Unknown,unknown,2021-03-27,5 (전체),,4,4,,58,1,,,,,,,,,,,2021-03-27,2021-03-27
5 (페이스북),25-34,female,2021-03-27,5 (전체),14,430,449,224.4831371,3142.763919,1.044186047,14,14,13,241.7510707,15,,15,1,,,2021-03-27,2021-03-27
5 (페이스북),18-24,female,2021-03-27,5 (전체),6,129,136,149.7030554,898.2183321,1.054263566,6,6,6,149.7030554,7,,7,,,1,2021-03-27,2021-03-27
5 (페이스북),35-44,female,2021-03-27,5 (전체),,15,16,,73.0177486,1.066666667,,,,,,,,,,,2021-03-27,2021-03-27
4 (인스타피드),Unknown,unknown,2021-03-27,4 (전체),,2,2,,10,1,,,,,,,,,,,2021-03-27,2021-03-27
5 (인스타스토리),25-34,female,2021-03-27,5 (전체),2,97,97,315,630,1,2,2,2,315,2,,2,,,,2021-03-27,2021-03-27
5 (인스타스토리),18-24,female,2021-03-27,5 (전체),1,69,69,327,327,1,1,1,1,327,1,,1,,,,2021-03-27,2021-03-27
4 (인스타피드),25-34,female,2021-03-27,4 (전체),5,192,194,289,1445,1.010416667,5,5,2,722.5,6,,6,,1,,2021-03-27,2021-03-27
4 (인스타피드),18-24,female,2021-03-27,4 (전체),41,1281,1288,183.902439,7540,1.005464481,40,41,30,251.3333333,52,,52,5,6,,2021-03-27,2021-03-27
5 (인스타피드),35-44,female,2021-03-27,5 (전체),1,28,28,274,274,1,1,1,,,2,,2,,1,,2021-03-27,2021-03-27
5 (인스타피드),18-24,female,2021-03-27,5 (전체),13,335,338,214.6923077,2791,1.008955224,13,13,11,253.7272727,15,,15,,2,,2021-03-27,2021-03-27
5 (인스타피드),25-34,female,2021-03-27,5 (전체),41,909,917,214.3902439,8790,1.00880088,39,41,35,251.1428571,43,,43,,2,,2021-03-27,2021-03-27
5 (인스타피드),13-17,unknown,2021-03-27,5 (전체),,1,1,,5,1,,,,,,,,,,,2021-03-27,2021-03-27
6 (페이스북),35-44,female,2021-03-27,6 (전체),,101,102,,427.0966501,1.00990099,,,,,,,,,,,2021-03-27,2021-03-27
4 (페이스북),25-34,female,2021-03-27,4 (전체),4,139,142,269,1076,1.021582734,4,4,3,358.6666667,4,,4,,,,2021-03-27,2021-03-27
4 (페이스북),18-24,female,2021-03-27,4 (전체),14,517,542,236.7142857,3314,1.048355899,13,14,11,301.2727273,14,,14,,,,2021-03-27,2021-03-27
3 (페이스북),18-24,female,2021-03-27,3 (전체),31,928,999,187.7741935,5821,1.076508621,30,31,24,242.5416667,34,,34,1,1,1,2021-03-27,2021-03-27
3 (페이스북),25-34,female,2021-03-27,3 (전체),8,288,307,243.625,1949,1.065972222,8,8,6,324.8333333,10,,10,1,1,,2021-03-27,2021-03-27
2 (페이스북),18-24,unknown,2021-03-27,2 (전체),,2,2,,10,1,,,,,,,,,,,2021-03-27,2021-03-27
2 (페이스북),18-24,female,2021-03-27,2 (전체),35,1255,1385,238.3428571,8342,1.103585657,32,35,29,287.6551724,37,,37,1,1,,2021-03-27,2021-03-27
2 (페이스북),18-24,male,2021-03-27,2 (전체),4,143,164,204.5,818,1.146853147,4,4,3,272.6666667,5,,5,,1,,2021-03-27,2021-03-27
3 (인스타피드),Unknown,unknown,2021-03-27,3 (전체),,2,2,,25,1,,,,,,,,,,,2021-03-27,2021-03-27
3 (인스타피드),25-34,female,2021-03-27,3 (전체),8,158,161,185.625,1485,1.018987342,7,8,7,212.1428571,8,,8,,,,2021-03-27,2021-03-27
6 (페이스북),35-44,male,2021-03-27,6 (전체),1,77,77,179.0405161,179.0405161,1,1,1,1,179.0405161,1,,1,,,,2021-03-27,2021-03-27
6 (페이스북),25-34,female,2021-03-27,6 (전체),10,505,518,319.9724083,3199.724083,1.025742574,10,10,9,355.5248981,11,,11,,1,,2021-03-27,2021-03-27
2 (인스타스토리),18-24,male,2021-03-27,2 (전체),2,78,79,135,270,1.012820513,2,2,2,135,2,,2,,,,2021-03-27,2021-03-27
7 (인스타스토리),45-54,female,2021-03-27,7 (전체),,2,2,,5,1,,,,,,,,,,,2021-03-27,2021-03-27
2 (인스타피드),18-24,male,2021-03-27,2 (전체),2,122,123,324,648,1.008196721,2,2,2,324,3,,3,1,,,2021-03-27,2021-03-27
7 (페이스북),35-44,unknown,2021-03-27,7 (전체),,2,2,,4,1,,,,,,,,,,,2021-03-27,2021-03-27
2 (인스타피드),18-24,unknown,2021-03-27,2 (전체),,3,3,,13,1,,,,,,,,,,,2021-03-27,2021-03-27
3 (인스타스토리),25-34,female,2021-03-27,3 (전체),1,27,27,158,158,1,1,1,1,158,1,,1,,,,2021-03-27,2021-03-27
7 (페이스북),25-34,female,2021-03-27,7 (전체),1,104,109,823,823,1.048076923,1,1,1,823,1,,1,,,,2021-03-27,2021-03-27
2 (인스타피드),18-24,female,2021-03-27,2 (전체),14,722,729,278.3571429,3897,1.009695291,14,14,10,389.7,26,,26,8,4,,2021-03-27,2021-03-27
2 (인스타피드),13-17,unknown,2021-03-27,2 (전체),,1,1,,1,1,,,,,,,,,,,2021-03-27,2021-03-27
7 (페이스북),35-44,male,2021-03-27,7 (전체),5,201,212,219.8,1099,1.054726368,5,5,3,366.3333333,5,,5,,,,2021-03-27,2021-03-27
7 (페이스북),35-44,female,2021-03-27,7 (전체),4,180,190,371,1484,1.055555556,4,4,4,371,4,,4,,,,2021-03-27,2021-03-27
7 (페이스북),45-54,female,2021-03-27,7 (전체),4,104,111,264,1056,1.067307692,4,4,3,352,4,,4,,,,2021-03-27,2021-03-27
7 (페이스북),45-54,male,2021-03-27,7 (전체),,183,189,,1003,1.032786885,,,,,,,,,,,2021-03-27,2021-03-27
7 (페이스북),25-34,male,2021-03-27,7 (전체),,40,42,,315,1.05,,,,,,,,,,,2021-03-27,2021-03-27
7 (페이스북),45-54,unknown,2021-03-27,7 (전체),,1,1,,4,1,,,,,,,,,,,2021-03-27,2021-03-27
1 (인스타피드),13-17,unknown,2021-03-27,1 (전체),,12,12,,37,1,,,,,,,,,,,2021-03-27,2021-03-27
7 (페이스북),25-34,unknown,2021-03-27,7 (전체),,1,1,,6,1,,,,,,,,,,,2021-03-27,2021-03-27
1 (인스타스토리),18-24,unknown,2021-03-27,1 (전체),,1,1,,3,1,,,,,,,,,,,2021-03-27,2021-03-27
1 (인스타스토리),18-24,male,2021-03-27,1 (전체),1,16,17,54,54,1.0625,1,1,1,54,1,,1,,,,2021-03-27,2021-03-27
1 (인스타스토리),13-17,unknown,2021-03-27,1 (전체),,8,8,,14,1,,,,,,,,,,,2021-03-27,2021-03-27
8 (인스타피드),25-34,female,2021-03-27,8 - 여자 (전체),33,861,866,255.6969697,8438,1.005807201,31,33,28,301.3571429,37,,37,2,2,,2021-03-27,2021-03-27
8 (인스타피드),35-44,female,2021-03-27,8 - 여자 (전체),1,20,20,245,245,1,1,1,1,245,1,,1,,,,2021-03-27,2021-03-27
1 (인스타스토리),13-17,male,2021-03-27,1 (전체),1,193,198,363,363,1.025906736,1,1,1,363,1,,1,,,,2021-03-27,2021-03-27
8 (인스타피드),Unknown,unknown,2021-03-27,8 - 여자 (전체),,3,3,,25,1,,,,,,,,,,,2021-03-27,2021-03-27
8 (인스타피드),13-17,unknown,2021-03-27,8 - 여자 (전체),,2,2,,14,1,,,,,,,,,,,2021-03-27,2021-03-27
1 (인스타스토리),18-24,female,2021-03-27,1 (전체),6,315,318,172.6666667,1036,1.00952381,6,6,6,172.6666667,6,,6,,,,2021-03-27,2021-03-27
1 (인스타스토리),13-17,female,2021-03-27,1 (전체),21,2712,2842,298.6190476,6271,1.047935103,21,21,18,348.3888889,21,,21,,,,2021-03-27,2021-03-27
2 (인스타피드),Unknown,unknown,2021-03-27,2 (전체),,1,1,,3,1,,,,,,,,,,,2021-03-27,2021-03-27
4 (인스타스토리),18-24,female,2021-03-27,4 (전체),19,826,837,183.8947368,3494,1.013317191,19,19,17,205.5294118,20,,20,,,1,2021-03-27,2021-03-27
7 (인스타피드),25-34,unknown,2021-03-27,7 (전체),,1,1,,3,1,,,,,,,,,,,2021-03-27,2021-03-27
1 (인스타피드),18-24,male,2021-03-27,1 (전체),1,76,76,282,282,1,1,1,1,282,1,,1,,,,2021-03-27,2021-03-27
7 (인스타피드),35-44,female,2021-03-27,7 (전체),17,520,523,312.4705882,5312,1.005769231,17,17,14,379.4285714,20,,20,3,,,2021-03-27,2021-03-27
7 (인스타피드),25-34,male,2021-03-27,7 (전체),2,109,109,356.5,713,1,2,2,1,713,2,,2,,,,2021-03-27,2021-03-27
1 (인스타피드),13-17,male,2021-03-27,1 (전체),3,315,323,239.3333333,718,1.025396825,3,3,3,239.3333333,3,,3,,,,2021-03-27,2021-03-27
7 (인스타피드),25-34,female,2021-03-27,7 (전체),12,511,514,341.0833333,4093,1.005870841,12,12,8,511.625,12,,12,,,,2021-03-27,2021-03-27
7 (인스타피드),35-44,male,2021-03-27,7 (전체),,119,121,,967,1.016806723,,,,,,,,,,,2021-03-27,2021-03-27
1 (인스타피드),18-24,unknown,2021-03-27,1 (전체),,2,2,,4,1,,,,,,,,,,,2021-03-27,2021-03-27
7 (인스타피드),45-54,female,2021-03-27,7 (전체),5,100,101,208.2,1041,1.01,5,5,5,208.2,5,,5,,,,2021-03-27,2021-03-27
7 (인스타피드),35-44,unknown,2021-03-27,7 (전체),,5,5,,26,1,,,,,,,,,,,2021-03-27,2021-03-27
7 (인스타피드),Unknown,unknown,2021-03-27,7 (전체),,1,1,,3,1,,,,,,,,,,,2021-03-27,2021-03-27
1 (인스타피드),18-24,female,2021-03-27,1 (전체),15,522,525,174.0666667,2611,1.005747126,15,15,13,200.8461539,19,,19,1,2,1,2021-03-27,2021-03-27
7 (인스타피드),45-54,unknown,2021-03-27,7 (전체),,3,3,,7,1,,,,,,,,,,,2021-03-27,2021-03-27
1 (인스타피드),13-17,female,2021-03-27,1 (전체),25,1716,1778,249.2,6230,1.036130536,23,25,22,283.1818182,41,,41,9,7,,2021-03-27,2021-03-27
7 (인스타피드),45-54,male,2021-03-27,7 (전체),1,37,37,343,343,1,1,1,1,343,1,,1,,,,2021-03-27,2021-03-27
1 (인스타스토리),13-17,male,2021-03-26,1 (전체),,149,154,,385,1.033557047,,,,,,,,,,,2021-03-26,2021-03-26
4 (인스타피드),18-24,female,2021-03-26,4 (전체),22,780,784,316,6952,1.005128205,22,22,14,496.5714286,28,,28,4,2,,2021-03-26,2021-03-26
4 (페이스북),25-34,female,2021-03-26,4 (전체),,16,17,,147,1.0625,,,,,,,,,,,2021-03-26,2021-03-26
4 (인스타피드),25-34,female,2021-03-26,4 (전체),7,204,205,317.4285714,2222,1.004901961,7,7,7,317.4285714,9,,9,,2,,2021-03-26,2021-03-26
1 (인스타스토리),13-17,unknown,2021-03-26,1 (전체),,9,9,,25,1,,,,,,,,,,,2021-03-26,2021-03-26
1 (인스타스토리),18-24,female,2021-03-26,1 (전체),5,198,199,216.8,1084,1.005050505,5,5,5,216.8,5,,5,,,,2021-03-26,2021-03-26
4 (인스타피드),Unknown,unknown,2021-03-26,4 (전체),,2,2,,13,1,,,,,,,,,,,2021-03-26,2021-03-26
2 (인스타스토리),18-24,unknown,2021-03-26,2 (전체),,5,5,,29,1,,,,,,,,,,,2021-03-26,2021-03-26
2 (인스타스토리),18-24,female,2021-03-26,2 (전체),11,676,687,317.2727273,3490,1.016272189,10,11,8,436.25,11,,11,,,,2021-03-26,2021-03-26
2 (인스타스토리),18-24,male,2021-03-26,2 (전체),2,41,42,89,178,1.024390244,2,2,2,89,2,,2,,,,2021-03-26,2021-03-26
4 (인스타스토리),18-24,female,2021-03-26,4 (전체),11,523,531,260.1818182,2862,1.015296367,11,11,9,318,11,,11,,,,2021-03-26,2021-03-26
1 (인스타피드),18-24,female,2021-03-26,1 (전체),8,226,228,252.75,2022,1.008849558,8,8,8,252.75,8,,8,,,,2021-03-26,2021-03-26
1 (인스타피드),13-17,male,2021-03-26,1 (전체),2,97,100,209,418,1.030927835,2,2,2,209,2,,2,,,,2021-03-26,2021-03-26
1 (인스타피드),18-24,unknown,2021-03-26,1 (전체),,3,3,,17,1,,,,,1,,1,1,,,2021-03-26,2021-03-26
4 (인스타스토리),25-34,female,2021-03-26,4 (전체),,33,33,,281,1,,,,,,,,,,,2021-03-26,2021-03-26
4 (페이스북),18-24,female,2021-03-26,4 (전체),5,90,90,152.8,764,1,5,5,3,254.6666667,6,,6,,,1,2021-03-26,2021-03-26
2 (페이스북),18-24,female,2021-03-26,2 (전체),17,576,644,272.4705882,4632,1.118055556,16,17,15,308.8,20,,20,1,1,1,2021-03-26,2021-03-26
1 (인스타스토리),13-17,female,2021-03-26,1 (전체),20,1803,1886,302.65,6053,1.046034387,20,20,19,318.5789474,20,,20,,,,2021-03-26,2021-03-26
3 (인스타피드),18-24,female,2021-03-26,3 (전체),15,730,733,385.4,5781,1.004109589,15,15,13,444.6923077,20,,20,1,4,,2021-03-26,2021-03-26
2 (인스타피드),18-24,unknown,2021-03-26,2 (전체),,1,1,,12,1,,,,,,,,,,,2021-03-26,2021-03-26
2 (인스타피드),18-24,male,2021-03-26,2 (전체),3,42,42,82.33333333,247,1,3,3,3,82.33333333,4,,4,,1,,2021-03-26,2021-03-26
2 (인스타피드),18-24,female,2021-03-26,2 (전체),8,482,488,481.125,3849,1.012448133,8,8,8,481.125,17,,17,3,6,,2021-03-26,2021-03-26
3 (인스타피드),Unknown,unknown,2021-03-26,3 (전체),,1,1,,21,1,,,,,,,,,,,2021-03-26,2021-03-26
9 (인스타스토리),18-24,unknown,2021-03-26,9 (전체),,1,1,,3,1,,,,,,,,,,,2021-03-26,2021-03-26
9 (인스타스토리),25-34,male,2021-03-26,9 (전체),,6,6,,27,1,,,,,,,,,,,2021-03-26,2021-03-26
9 (인스타스토리),18-24,female,2021-03-26,9 (전체),3,268,272,603,1809,1.014925373,3,3,1,1809,4,,4,,,1,2021-03-26,2021-03-26
9 (인스타스토리),25-34,female,2021-03-26,9 (전체),1,24,24,221,221,1,1,1,1,221,1,,1,,,,2021-03-26,2021-03-26
9 (인스타스토리),18-24,male,2021-03-26,9 (전체),1,25,26,127,127,1.04,1,1,,,1,,1,,,,2021-03-26,2021-03-26
3 (인스타피드),25-34,female,2021-03-26,3 (전체),7,211,212,320.8571429,2246,1.004739336,7,7,6,374.3333333,8,,8,1,,,2021-03-26,2021-03-26
1 (인스타피드),18-24,male,2021-03-26,1 (전체),,41,41,,257,1,,,,,,,,,,,2021-03-26,2021-03-26
3 (페이스북),25-34,female,2021-03-26,3 (전체),2,93,96,434,868,1.032258065,2,2,2,434,2,,2,,,,2021-03-26,2021-03-26
1 (페이스북),13-17,female,2021-03-26,1 (전체),12,554,676,284,3408,1.220216606,11,12,10,340.8,13,,13,1,,,2021-03-26,2021-03-26
1 (페이스북),13-17,male,2021-03-26,1 (전체),1,331,412,1171,1171,1.244712991,1,1,,,2,,2,,1,,2021-03-26,2021-03-26
1 (페이스북),18-24,female,2021-03-26,1 (전체),2,46,50,155,310,1.086956522,2,2,2,155,2,,2,,,,2021-03-26,2021-03-26
1 (페이스북),18-24,male,2021-03-26,1 (전체),,29,31,,166,1.068965517,,,,,,,,,,,2021-03-26,2021-03-26
3 (인스타스토리),18-24,female,2021-03-26,3 (전체),8,353,353,284.5,2276,1,8,8,7,325.1428571,8,,8,,,,2021-03-26,2021-03-26
3 (인스타스토리),25-34,female,2021-03-26,3 (전체),1,27,27,271,271,1,1,1,1,271,1,,1,,,,2021-03-26,2021-03-26
1 (인스타스토리),18-24,male,2021-03-26,1 (전체),,18,18,,69,1,,,,,,,,,,,2021-03-26,2021-03-26
1 (인스타피드),13-17,unknown,2021-03-26,1 (전체),,3,3,,16,1,,,,,,,,,,,2021-03-26,2021-03-26
2 (페이스북),18-24,male,2021-03-26,2 (전체),1,177,190,842,842,1.073446328,1,1,,,1,,1,,,,2021-03-26,2021-03-26
3 (페이스북),18-24,female,2021-03-26,3 (전체),4,195,213,436.25,1745,1.092307692,4,4,4,436.25,4,,4,,,,2021-03-26,2021-03-26
1 (인스타피드),13-17,female,2021-03-26,1 (전체),8,696,730,557.5,4460,1.048850575,8,8,8,557.5,21,,21,4,9,,2021-03-26,2021-03-26
6 (페이스북),45-54,female,2021-03-26,6 (전체),3,68,68,132.6666667,398,1,3,3,3,132.6666667,3,,3,,,,2021-03-26,2021-03-26
5 (페이스북),25-34,female,2021-03-26,5 (전체),5,148,154,410.2,2051,1.040540541,5,5,4,512.75,7,,7,,1,1,2021-03-26,2021-03-26
7 (인스타피드),25-34,unknown,2021-03-26,7 (전체),,1,1,,48,1,,,,,,,,,,,2021-03-26,2021-03-26
7 (페이스북),45-54,female,2021-03-26,7 (전체),1,23,23,339,339,1,1,1,,,1,,1,,,,2021-03-26,2021-03-26
10 (인스타피드),25-34,male,2021-03-26,10 (전체),1,10,10,50,50,1,1,1,1,50,1,,1,,,,2021-03-26,2021-03-26
10 (인스타피드),18-24,female,2021-03-26,10 (전체),13,480,484,335.2307692,4358,1.008333333,13,13,12,363.1666667,20,,20,4,3,,2021-03-26,2021-03-26
10 (인스타피드),18-24,male,2021-03-26,10 (전체),2,46,46,141.5,283,1,2,2,2,141.5,2,,2,,,,2021-03-26,2021-03-26
10 (인스타피드),25-34,female,2021-03-26,10 (전체),1,108,110,1128,1128,1.018518519,1,1,1,1128,1,,1,,,,2021-03-26,2021-03-26
10 (인스타피드),18-24,unknown,2021-03-26,10 (전체),,5,5,,69,1,,,,,,,,,,,2021-03-26,2021-03-26
10 (인스타피드),Unknown,unknown,2021-03-26,10 (전체),,1,1,,8,1,,,,,,,,,,,2021-03-26,2021-03-26
7 (인스타피드),35-44,unknown,2021-03-26,7 (전체),,2,2,,15,1,,,,,,,,,,,2021-03-26,2021-03-26
7 (페이스북),25-34,female,2021-03-26,7 (전체),1,33,33,392,392,1,1,1,1,392,1,,1,,,,2021-03-26,2021-03-26
7 (인스타피드),45-54,male,2021-03-26,7 (전체),,4,4,,45,1,,,,,,,,,,,2021-03-26,2021-03-26
7 (인스타피드),35-44,male,2021-03-26,7 (전체),1,43,44,415,415,1.023255814,1,1,1,415,1,,1,,,,2021-03-26,2021-03-26
7 (인스타피드),25-34,male,2021-03-26,7 (전체),1,52,52,463,463,1,1,1,1,463,1,,1,,,,2021-03-26,2021-03-26
10 (인스타스토리),18-24,female,2021-03-26,10 (전체),2,225,227,542.5,1085,1.008888889,2,2,2,542.5,2,,2,,,,2021-03-26,2021-03-26
10 (인스타스토리),18-24,male,2021-03-26,10 (전체),,18,19,,119,1.055555556,,,,,,,,,,,2021-03-26,2021-03-26
10 (인스타스토리),25-34,female,2021-03-26,10 (전체),,11,11,,53,1,,,,,,,,,,,2021-03-26,2021-03-26
10 (인스타스토리),25-34,male,2021-03-26,10 (전체),,3,3,,41,1,,,,,,,,,,,2021-03-26,2021-03-26
10 (인스타스토리),25-34,unknown,2021-03-26,10 (전체),,1,1,,4,1,,,,,,,,,,,2021-03-26,2021-03-26
7 (페이스북),35-44,female,2021-03-26,7 (전체),1,47,48,572,572,1.021276596,1,1,1,572,1,,1,,,,2021-03-26,2021-03-26
7 (페이스북),35-44,male,2021-03-26,7 (전체),1,43,43,466,466,1,1,1,,,1,,1,,,,2021-03-26,2021-03-26
7 (인스타피드),35-44,female,2021-03-26,7 (전체),10,258,261,334.5,3345,1.011627907,9,10,9,371.6666667,12,,12,2,,,2021-03-26,2021-03-26
8 (인스타피드),25-34,female,2021-03-26,8 - 여자 (전체),11,336,336,368.1818182,4050,1,11,11,7,578.5714286,13,,13,,2,,2021-03-26,2021-03-26
8 (페이스북),25-34,female,2021-03-26,8 - 여자 (전체),3,83,86,370.3333333,1111,1.036144578,2,3,2,555.5,4,,4,,,1,2021-03-26,2021-03-26
8 (인스타스토리),25-34,female,2021-03-26,8 - 여자 (전체),,16,17,,169,1.0625,,,,,,,,,,,2021-03-26,2021-03-26
8 (인스타스토리),25-34,male,2021-03-26,8 - 남자 (전체),,4,4,,19,1,,,,,,,,,,,2021-03-26,2021-03-26
8 (인스타피드),25-34,male,2021-03-26,8 - 남자 (전체),2,61,61,315.5,631,1,2,2,2,315.5,4,,4,2,,,2021-03-26,2021-03-26
8 (인스타피드),35-44,male,2021-03-26,8 - 남자 (전체),,3,3,,49,1,,,,,,,,,,,2021-03-26,2021-03-26
8 (인스타피드),Unknown,unknown,2021-03-26,8 - 여자 (전체),,1,1,,1,1,,,,,,,,,,,2021-03-26,2021-03-26
8 (인스타피드),35-44,female,2021-03-26,8 - 여자 (전체),1,7,7,56,56,1,1,1,1,56,1,,1,,,,2021-03-26,2021-03-26
8 (페이스북),25-34,male,2021-03-26,8 - 남자 (전체),5,1029,1058,853.6,4268,1.028182702,5,5,3,1422.666667,5,,5,,,,2021-03-26,2021-03-26
7 (페이스북),45-54,male,2021-03-26,7 (전체),,23,23,,203,1,,,,,,,,,,,2021-03-26,2021-03-26
8 (페이스북),35-44,male,2021-03-26,8 - 남자 (전체),,45,47,,262,1.044444444,,,,,,,,,,,2021-03-26,2021-03-26
10 (페이스북),18-24,female,2021-03-26,10 (전체),10,312,339,254.7,2547,1.086538462,10,10,6,424.5,15,1,15,1,1,2,2021-03-26,2021-03-26
10 (페이스북),18-24,male,2021-03-26,10 (전체),5,86,90,132,660,1.046511628,4,5,2,330,5,,5,,,,2021-03-26,2021-03-26
10 (페이스북),25-34,female,2021-03-26,10 (전체),1,70,71,652,652,1.014285714,1,1,,,1,,1,,,,2021-03-26,2021-03-26
10 (페이스북),25-34,male,2021-03-26,10 (전체),,30,31,,198,1.033333333,,,,,,,,,,,2021-03-26,2021-03-26
10 (페이스북),18-24,unknown,2021-03-26,10 (전체),,1,1,,32,1,,,,,,,,,,,2021-03-26,2021-03-26
7 (페이스북),45-54,unknown,2021-03-26,7 (전체),,1,1,,0,1,,,,,,,,,,,2021-03-26,2021-03-26
7 (페이스북),25-34,male,2021-03-26,7 (전체),,12,12,,66,1,,,,,,,,,,,2021-03-26,2021-03-26
7 (인스타피드),25-34,female,2021-03-26,7 (전체),8,296,298,488.75,3910,1.006756757,8,8,8,488.75,11,,11,3,,,2021-03-26,2021-03-26
7 (인스타피드),45-54,female,2021-03-26,7 (전체),2,29,29,214,428,1,2,2,2,214,2,,2,,,,2021-03-26,2021-03-26
5 (페이스북),18-24,female,2021-03-26,5 (전체),,28,34,,421,1.214285714,,,,,,,,,,,2021-03-26,2021-03-26
9 (인스타피드),18-24,male,2021-03-26,9 (전체),1,63,65,483,483,1.031746032,1,1,1,483,2,,2,1,,,2021-03-26,2021-03-26
8 (페이스북),35-44,female,2021-03-26,8 - 여자 (전체),,2,2,,23,1,,,,,,,,,,,2021-03-26,2021-03-26
6 (페이스북),25-34,male,2021-03-26,6 (전체),3,106,115,301.6666667,905,1.08490566,3,3,3,301.6666667,3,,3,,,,2021-03-26,2021-03-26
6 (인스타스토리),25-34,unknown,2021-03-26,6 (전체),,1,1,,2,1,,,,,,,,,,,2021-03-26,2021-03-26
6 (인스타스토리),25-34,male,2021-03-26,6 (전체),,3,3,,30,1,,,,,,,,,,,2021-03-26,2021-03-26
6 (인스타스토리),25-34,female,2021-03-26,6 (전체),,6,7,,47,1.166666667,,,,,,,,,,,2021-03-26,2021-03-26
9 (인스타피드),18-24,female,2021-03-26,9 (전체),12,583,589,382.25,4587,1.010291595,12,12,11,417,14,,14,,2,,2021-03-26,2021-03-26
9 (인스타피드),25-34,female,2021-03-26,9 (전체),6,207,209,370,2220,1.009661836,6,6,6,370,9,,9,,3,,2021-03-26,2021-03-26
9 (인스타피드),25-34,male,2021-03-26,9 (전체),,34,34,,286,1,,,,,,,,,,,2021-03-26,2021-03-26
6 (페이스북),35-44,female,2021-03-26,6 (전체),,76,76,,556,1,,,,,,,,,,,2021-03-26,2021-03-26
9 (인스타피드),18-24,unknown,2021-03-26,9 (전체),,3,3,,12,1,,,,,,,,,,,2021-03-26,2021-03-26
5 (인스타피드),Unknown,unknown,2021-03-26,5 (전체),,2,2,,16,1,,,,,,,,,,,2021-03-26,2021-03-26
5 (인스타피드),18-24,female,2021-03-26,5 (전체),6,206,207,359.8333333,2159,1.004854369,6,6,6,359.8333333,8,,8,2,,,2021-03-26,2021-03-26
5 (인스타피드),35-44,female,2021-03-26,5 (전체),2,17,17,158.5,317,1,2,2,1,317,2,,2,,,,2021-03-26,2021-03-26
5 (인스타피드),25-34,female,2021-03-26,5 (전체),25,585,589,313.64,7841,1.006837607,24,25,21,373.3809524,34,,34,2,5,2,2021-03-26,2021-03-26
5 (인스타스토리),18-24,female,2021-03-26,5 (전체),,19,19,,173,1,,,,,,,,,,,2021-03-26,2021-03-26
5 (인스타스토리),25-34,female,2021-03-26,5 (전체),1,37,38,335,335,1.027027027,1,1,1,335,1,,1,,,,2021-03-26,2021-03-26
5 (페이스북),35-44,female,2021-03-26,5 (전체),,10,11,,63,1.1,,,,,,,,,,,2021-03-26,2021-03-26
6 (페이스북),25-34,female,2021-03-26,6 (전체),11,334,347,311.9090909,3431,1.038922156,11,11,9,381.2222222,14,,14,1,,2,2021-03-26,2021-03-26
6 (페이스북),35-44,male,2021-03-26,6 (전체),,49,50,,362,1.020408163,,,,,,,,,,,2021-03-26,2021-03-26
9 (페이스북),18-24,female,2021-03-26,9 (전체),13,493,542,330.0769231,4291,1.099391481,13,13,12,357.5833333,13,,13,,,,2021-03-26,2021-03-26
6 (인스타피드),45-54,male,2021-03-26,6 (전체),,2,2,,9,1,,,,,,,,,,,2021-03-26,2021-03-26
9 (페이스북),25-34,female,2021-03-26,9 (전체),6,168,177,278.6666667,1672,1.053571429,4,6,4,418,6,,6,,,,2021-03-26,2021-03-26
9 (페이스북),25-34,male,2021-03-26,9 (전체),2,37,38,134.5,269,1.027027027,2,2,2,134.5,2,,2,,,,2021-03-26,2021-03-26
9 (페이스북),18-24,male,2021-03-26,9 (전체),1,90,104,720,720,1.155555556,1,1,1,720,1,,1,,,,2021-03-26,2021-03-26
7 (인스타스토리),25-34,male,2021-03-26,7 (전체),,1,1,,3,1,,,,,,,,,,,2021-03-26,2021-03-26
7 (인스타스토리),35-44,female,2021-03-26,7 (전체),,4,4,,37,1,,,,,,,,,,,2021-03-26,2021-03-26
7 (인스타스토리),25-34,female,2021-03-26,7 (전체),1,9,9,70,70,1,1,1,1,70,1,,1,,,,2021-03-26,2021-03-26
6 (인스타피드),13-17,unknown,2021-03-26,6 (전체),,1,1,,2,1,,,,,,,,,,,2021-03-26,2021-03-26
6 (인스타피드),35-44,unknown,2021-03-26,6 (전체),,1,1,,3,1,,,,,,,,,,,2021-03-26,2021-03-26
6 (인스타피드),Unknown,unknown,2021-03-26,6 (전체),,2,2,,4,1,,,,,,,,,,,2021-03-26,2021-03-26
6 (페이스북),45-54,male,2021-03-26,6 (전체),,40,42,,242,1.05,,,,,,,,,,,2021-03-26,2021-03-26
6 (인스타피드),25-34,unknown,2021-03-26,6 (전체),,4,4,,58,1,,,,,,,,,,,2021-03-26,2021-03-26
6 (인스타피드),45-54,female,2021-03-26,6 (전체),,4,4,,160,1,,,,,,,,,,,2021-03-26,2021-03-26
6 (인스타피드),35-44,male,2021-03-26,6 (전체),,13,13,,115,1,,,,,,,,,,,2021-03-26,2021-03-26
6 (인스타피드),35-44,female,2021-03-26,6 (전체),3,76,77,333,999,1.013157895,3,3,2,499.5,3,,3,,,,2021-03-26,2021-03-26
6 (인스타피드),25-34,male,2021-03-26,6 (전체),7,82,82,151,1057,1,7,7,6,176.1666667,7,,7,,,,2021-03-26,2021-03-26
6 (인스타피드),25-34,female,2021-03-26,6 (전체),19,450,452,303.7368421,5771,1.004444444,19,19,16,360.6875,25,,25,1,5,,2021-03-26,2021-03-26
6 (페이스북),35-44,unknown,2021-03-26,6 (전체),,1,1,,2,1,,,,,,,,,,,2021-03-26,2021-03-26
6 (페이스북),25-34,unknown,2021-03-26,6 (전체),,2,2,,15,1,,,,,,,,,,,2021-03-26,2021-03-26
7 (페이스북),25-34,unknown,2021-03-26,7 (전체),,1,1,,16,1,,,,,,,,,,,2021-03-26,2021-03-26
