,date,And_IOS,And,IOS
0,2021-10-20,null 위,322 위,null 위
1,2021-10-21,null 위,318 위,null 위
2,2021-10-22,null 위,440 위,null 위
3,2021-10-23,null 위,410 위,null 위
4,2021-10-24,null 위,380 위,null 위
5,2021-10-25,null 위,320 위,null 위
6,2021-10-26,null 위,308 위,null 위
7,2021-10-27,null 위,326 위,null 위
8,2021-10-28,null 위,345 위,null 위
9,2021-10-29,null 위,338 위,null 위
10,2021-10-30,null 위,310 위,null 위
11,2021-10-31,null 위,300 위,null 위
12,2021-11-01,null 위,297 위,null 위
13,2021-11-02,null 위,306 위,null 위
14,2021-11-03,null 위,316 위,null 위
15,2021-11-04,null 위,314 위,null 위
16,2021-11-05,null 위,334 위,null 위
17,2021-11-06,null 위,300 위,null 위
18,2021-11-07,null 위,292 위,null 위
19,2021-11-08,null 위,297 위,null 위
20,2021-11-09,null 위,312 위,null 위
21,2021-11-10,null 위,451 위,null 위
22,2021-11-11,null 위,342 위,null 위
23,2021-11-12,null 위,355 위,null 위
24,2021-11-13,null 위,321 위,null 위
25,2021-11-14,null 위,306 위,null 위
26,2021-11-15,null 위,348 위,null 위
27,2021-11-16,null 위,336 위,null 위
28,2021-11-17,null 위,336 위,null 위
29,2021-11-18,null 위,347 위,null 위
30,2021-11-19,null 위,337 위,null 위
31,2021-11-20,null 위,316 위,null 위
32,2021-11-21,null 위,297 위,null 위
33,2021-11-22,null 위,328 위,null 위
34,2021-11-23,null 위,311 위,null 위
35,2021-11-24,null 위,300 위,null 위
36,2021-11-25,null 위,251 위,null 위
37,2021-11-26,null 위,231 위,null 위
38,2021-11-27,null 위,217 위,null 위
39,2021-11-28,null 위,198 위,null 위
40,2021-11-29,null 위,213 위,null 위
41,2021-11-30,null 위,269 위,null 위
42,2021-12-01,null 위,250 위,null 위
43,2021-12-02,null 위,261 위,null 위
44,2021-12-03,null 위,300 위,null 위
45,2021-12-04,null 위,266 위,null 위
46,2021-12-05,null 위,251 위,null 위
47,2021-12-06,null 위,270 위,null 위
48,2021-12-07,null 위,275 위,null 위
49,2021-12-08,null 위,267 위,null 위
50,2021-12-09,null 위,289 위,null 위
51,2021-12-10,null 위,286 위,null 위
52,2021-12-11,null 위,260 위,null 위
53,2021-12-12,null 위,241 위,null 위
54,2021-12-13,null 위,271 위,null 위
55,2021-12-14,null 위,260 위,null 위
56,2021-12-15,null 위,262 위,null 위
57,2021-12-16,null 위,266 위,null 위
58,2021-12-17,null 위,276 위,null 위
59,2021-12-18,null 위,246 위,null 위
60,2021-12-19,null 위,232 위,null 위
61,2021-12-20,null 위,265 위,null 위
62,2021-12-21,null 위,269 위,null 위
63,2021-12-22,null 위,277 위,null 위
64,2021-12-23,null 위,292 위,null 위
65,2021-12-24,null 위,319 위,null 위
66,2021-12-25,null 위,281 위,null 위
67,2021-12-26,null 위,215 위,null 위
68,2021-12-27,null 위,276 위,null 위
69,2021-12-28,null 위,276 위,null 위
70,2021-12-29,null 위,273 위,null 위
71,2021-12-30,null 위,276 위,null 위
72,2021-12-31,null 위,286 위,null 위
73,2022-01-01,null 위,247 위,null 위
74,2022-01-02,null 위,241 위,null 위
75,2022-01-03,null 위,266 위,null 위
76,2022-01-04,null 위,270 위,null 위
77,2022-01-05,null 위,275 위,null 위
78,2022-01-06,null 위,379 위,null 위
79,2022-01-07,null 위,419 위,null 위
80,2022-01-08,null 위,393 위,null 위
81,2022-01-09,null 위,246 위,null 위
82,2022-01-10,null 위,251 위,null 위
83,2022-01-11,null 위,355 위,null 위
84,2022-01-12,null 위,267 위,null 위
85,2022-01-13,null 위,379 위,null 위
86,2022-01-14,null 위,297 위,null 위
87,2022-01-15,null 위,411 위,null 위
88,2022-01-16,null 위,258 위,null 위
89,2022-01-17,null 위,282 위,null 위
90,2022-01-18,null 위,321 위,null 위
91,2022-01-19,null 위,286 위,null 위
