캠페인 이름,광고 세트 이름,광고 이름,연령,성,일,결과,도달수,노출,결과당 비용,지출 금액 (KRW),빈도,고유 링크 클릭,링크 클릭,랜딩 페이지 조회,랜딩 페이지 조회당 비용,CPC(링크 클릭당 비용),"CPM(1,000회 노출당 비용)",CTR(전체),페이지 참여,페이지 좋아요,게시물 댓글,게시물 참여,게시물 공감,게시물 저장,게시물 공유,사진 조회,고유 아웃바운드 클릭,보고 시작,보고 종료,광고 세트,광고 위치
1 (전체),1 (페이스북),1 - 2(페이스북 상세),13-17,female,2021-03-29,,0,0,,0.0,0.0,,,1.0,0.0,,,,,,,,,,,,,2021-03-29,2021-03-29,1,페이스북
8 - 남자 (전체),8 (페이스북),8 - 2(페이스북 상세),25-34,male,2021-03-29,,0,0,,0.0,0.0,,,1.0,0.0,,,,,,,,,,,,,2021-03-29,2021-03-29,8,페이스북
6 (전체),6 (인스타피드),6 - 1(인스타피드 상세),25-34,female,2021-03-28,25.0,927,931,292.08,7302.0,1.0043149946063,25.0,25.0,22.0,331.90909091,292.08,7843.17937701,3.11493018,29.0,,,29.0,2.0,2.0,,,25.0,2021-03-28,2021-03-28,6,인스타피드
6 (전체),6 (인스타피드),6 - 1(인스타피드 상세),13-17,unknown,2021-03-28,,1,1,,7.0,1.0,,,,,,7000.0,0.0,,,,,,,,,,2021-03-28,2021-03-28,6,인스타피드
6 (전체),6 (페이스북),6 - 2(페이스북 상세),35-44,female,2021-03-28,,1,1,,3.0,1.0,,,,,,3000.0,0.0,,,,,,,,,,2021-03-28,2021-03-28,6,페이스북
6 (전체),6 (페이스북),6 - 2(페이스북 상세),45-54,female,2021-03-28,,3,3,,24.0,1.0,,,,,,8000.0,0.0,,,,,,,,,,2021-03-28,2021-03-28,6,페이스북
6 (전체),6 (페이스북),6 - 2(페이스북 상세),35-44,male,2021-03-28,,4,4,,21.0,1.0,,,,,,5250.0,0.0,,,,,,,,,,2021-03-28,2021-03-28,6,페이스북
6 (전체),6 (페이스북),6 - 2(페이스북 상세),25-34,male,2021-03-28,,5,5,,29.0,1.0,,,,,,5800.0,0.0,,,,,,,,,,2021-03-28,2021-03-28,6,페이스북
6 (전체),6 (페이스북),6 - 2(페이스북 상세),25-34,female,2021-03-28,,18,19,,137.0,1.0555555555556,,,,,,7210.52631579,0.0,,,,,,,,,,2021-03-28,2021-03-28,6,페이스북
6 (전체),6 (인스타피드),6 - 1(인스타피드 상세),Unknown,unknown,2021-03-28,,3,3,,19.0,1.0,,,,,,6333.33333333,0.0,,,,,,,,,,2021-03-28,2021-03-28,6,인스타피드
6 (전체),6 (인스타피드),6 - 2(인스타피드 상세),35-44,female,2021-03-28,3.0,41,41,107.66666666667,323.0,1.0,3.0,3.0,3.0,107.66666667,107.66666667,7878.04878049,7.31707317,3.0,,,3.0,,,,,3.0,2021-03-28,2021-03-28,6,인스타피드
6 (전체),6 (인스타피드),6 - 1(인스타피드 상세),45-54,male,2021-03-28,,13,13,,54.0,1.0,,,,,,4153.84615385,0.0,,,,,,,,,,2021-03-28,2021-03-28,6,인스타피드
6 (전체),6 (인스타피드),6 - 1(인스타피드 상세),45-54,female,2021-03-28,,17,17,,119.0,1.0,,,,,,7000.0,0.0,,,,,,,,,,2021-03-28,2021-03-28,6,인스타피드
6 (전체),6 (인스타피드),6 - 1(인스타피드 상세),25-34,male,2021-03-28,5.0,196,196,278.2,1391.0,1.0,5.0,5.0,5.0,278.2,278.2,7096.93877551,2.55102041,5.0,,,5.0,,,,,5.0,2021-03-28,2021-03-28,6,인스타피드
6 (전체),6 (인스타피드),6 - 1(인스타피드 상세),25-34,unknown,2021-03-28,1.0,4,4,12.0,12.0,1.0,1.0,1.0,1.0,12.0,12.0,3000.0,25.0,1.0,,,1.0,,,,,1.0,2021-03-28,2021-03-28,6,인스타피드
6 (전체),6 (인스타피드),6 - 1(인스타피드 상세),35-44,female,2021-03-28,5.0,155,156,289.8,1449.0,1.0064516129032,5.0,5.0,5.0,289.8,289.8,9288.46153846,3.20512821,8.0,,,8.0,2.0,1.0,,,5.0,2021-03-28,2021-03-28,6,인스타피드
6 (전체),6 (인스타피드),6 - 1(인스타피드 상세),35-44,male,2021-03-28,1.0,25,25,165.0,165.0,1.0,1.0,1.0,1.0,165.0,165.0,6600.0,4.0,1.0,,,1.0,,,,,1.0,2021-03-28,2021-03-28,6,인스타피드
6 (전체),6 (인스타피드),6 - 2(인스타피드 상세),25-34,female,2021-03-28,4.0,184,184,298.25,1193.0,1.0,4.0,4.0,4.0,298.25,298.25,6483.69565217,2.17391304,4.0,,,4.0,,,,,4.0,2021-03-28,2021-03-28,6,인스타피드
6 (전체),6 (인스타피드),6 - 2(인스타피드 상세),35-44,male,2021-03-28,,13,13,,101.0,1.0,,,,,,7769.23076923,0.0,,,,,,,,,,2021-03-28,2021-03-28,6,인스타피드
6 (전체),6 (인스타피드),6 - 2(인스타피드 상세),25-34,male,2021-03-28,,43,43,,252.0,1.0,,,,,,5860.46511628,0.0,,,,,,,,,,2021-03-28,2021-03-28,6,인스타피드
6 (전체),6 (페이스북),6 - 1(페이스북 상세),35-44,male,2021-03-28,,68,71,,97.0,1.0441176470588,,,,,,1366.1971831,0.0,,,,,,,,,,2021-03-28,2021-03-28,6,페이스북
7 (전체),7 (인스타스토리),7 - 2(인스타스토리 상세),45-54,male,2021-03-28,,1,1,,1.0,1.0,,,,,,1000.0,0.0,,,,,,,,,,2021-03-28,2021-03-28,7,인스타스토리
7 (전체),7 (인스타스토리),7 - 2(인스타스토리 상세),25-34,female,2021-03-28,,2,2,,5.0,1.0,,,,,,2500.0,0.0,,,,,,,,,,2021-03-28,2021-03-28,7,인스타스토리
7 (전체),7 (인스타스토리),7 - 2(인스타스토리 상세),25-34,male,2021-03-28,,2,2,,6.0,1.0,,,,,,3000.0,0.0,,,,,,,,,,2021-03-28,2021-03-28,7,인스타스토리
7 (전체),7 (인스타스토리),7 - 2(인스타스토리 상세),35-44,female,2021-03-28,,3,3,,19.0,1.0,,,,,,6333.33333333,0.0,,,,,,,,,,2021-03-28,2021-03-28,7,인스타스토리
6 (전체),6 (페이스북),6 - 1(페이스북 상세),25-34,unknown,2021-03-28,,1,1,,1.0,1.0,,,,,,1000.0,0.0,,,,,,,,,,2021-03-28,2021-03-28,6,페이스북
6 (전체),6 (페이스북),6 - 1(페이스북 상세),35-44,unknown,2021-03-28,,1,1,,6.0,1.0,,,,,,6000.0,0.0,,,,,,,,,,2021-03-28,2021-03-28,6,페이스북
6 (전체),6 (페이스북),6 - 1(페이스북 상세),45-54,male,2021-03-28,1.0,29,31,45.0,45.0,1.0689655172414,1.0,1.0,1.0,45.0,45.0,1451.61290323,3.22580645,1.0,,,1.0,,,,,1.0,2021-03-28,2021-03-28,6,페이스북
5 (전체),5 (페이스북),5 - 1(페이스북 상세),25-34,female,2021-03-28,17.0,720,762,209.17647058824,3556.0,1.0583333333333,17.0,17.0,16.0,222.25,209.17647059,4666.66666667,2.49343832,17.0,,,17.0,,,,,17.0,2021-03-28,2021-03-28,5,페이스북
6 (전체),6 (페이스북),6 - 1(페이스북 상세),25-34,female,2021-03-28,1.0,302,324,1078.0,1078.0,1.0728476821192,1.0,1.0,1.0,1078.0,1078.0,3327.16049383,0.61728395,2.0,,,2.0,1.0,,,,1.0,2021-03-28,2021-03-28,6,페이스북
6 (전체),6 (페이스북),6 - 1(페이스북 상세),45-54,female,2021-03-28,1.0,38,38,88.0,88.0,1.0,1.0,1.0,1.0,88.0,88.0,2315.78947368,2.63157895,1.0,,,1.0,,,,,1.0,2021-03-28,2021-03-28,6,페이스북
6 (전체),6 (페이스북),6 - 1(페이스북 상세),35-44,female,2021-03-28,1.0,83,89,242.0,242.0,1.0722891566265,1.0,1.0,1.0,242.0,242.0,2719.1011236,1.12359551,1.0,,,1.0,,,,,1.0,2021-03-28,2021-03-28,6,페이스북
6 (전체),6 (페이스북),6 - 1(페이스북 상세),25-34,male,2021-03-28,1.0,99,106,114.0,114.0,1.0707070707071,1.0,1.0,1.0,114.0,114.0,1075.47169811,0.94339623,1.0,,,1.0,,,,,1.0,2021-03-28,2021-03-28,6,페이스북
6 (전체),6 (인스타피드),6 - 2(인스타피드 상세),25-34,unknown,2021-03-28,,3,3,,25.0,1.0,,,,,,8333.33333333,0.0,,,,,,,,,,2021-03-28,2021-03-28,6,인스타피드
6 (전체),6 (인스타피드),6 - 2(인스타피드 상세),45-54,male,2021-03-28,,4,4,,25.0,1.0,,,,,,6250.0,0.0,,,,,,,,,,2021-03-28,2021-03-28,6,인스타피드
6 (전체),6 (인스타피드),6 - 2(인스타피드 상세),45-54,female,2021-03-28,,7,7,,32.0,1.0,,,,,,4571.42857143,0.0,,,,,,,,,,2021-03-28,2021-03-28,6,인스타피드
5 (전체),5 (페이스북),5 - 1(페이스북 상세),35-44,female,2021-03-28,,15,17,,62.0,1.1333333333333,,,,,,3647.05882353,5.88235294,,,,,,,,,,2021-03-28,2021-03-28,5,페이스북
5 (전체),5 (페이스북),5 - 2(페이스북 상세),18-24,female,2021-03-28,,2,2,,6.0,1.0,,,,,,3000.0,0.0,,,,,,,,,,2021-03-28,2021-03-28,5,페이스북
5 (전체),5 (페이스북),5 - 1(페이스북 상세),18-24,female,2021-03-28,11.0,340,356,157.27272727273,1730.0,1.0470588235294,11.0,11.0,10.0,173.0,157.27272727,4859.5505618,3.93258427,11.0,,,11.0,,,,,11.0,2021-03-28,2021-03-28,5,페이스북
2 (전체),2 (인스타피드),2 - 2(인스타피드 상세),18-24,female,2021-03-28,,21,21,,74.0,1.0,,,,,,3523.80952381,0.0,,,,,,,,,,2021-03-28,2021-03-28,2,인스타피드
3 (전체),3 (인스타스토리),3 - 1(인스타스토리 상세),25-34,female,2021-03-28,,18,18,,97.0,1.0,,,,,,5388.88888889,0.0,,,,,,,,,,2021-03-28,2021-03-28,3,인스타스토리
3 (전체),3 (인스타스토리),3 - 1(인스타스토리 상세),18-24,female,2021-03-28,2.0,197,198,389.5,779.0,1.005076142132,2.0,2.0,2.0,389.5,389.5,3934.34343434,1.01010101,2.0,,,2.0,,,,,2.0,2021-03-28,2021-03-28,3,인스타스토리
3 (전체),3 (페이스북),3 - 1(페이스북 상세),18-24,female,2021-03-28,29.0,1511,1604,212.03448275862,6149.0,1.0615486432826,29.0,29.0,23.0,267.34782609,212.03448276,3833.54114713,2.30673317,30.0,,,30.0,,,1.0,,29.0,2021-03-28,2021-03-28,3,페이스북
3 (전체),3 (페이스북),3 - 1(페이스북 상세),25-34,female,2021-03-28,9.0,410,430,180.44444444444,1624.0,1.0487804878049,9.0,9.0,5.0,324.8,180.44444444,3776.74418605,2.09302326,10.0,,,10.0,,1.0,,,9.0,2021-03-28,2021-03-28,3,페이스북
2 (전체),2 (인스타스토리),2 - 2(인스타스토리 상세),18-24,male,2021-03-28,,3,3,,4.0,1.0,,,,,,1333.33333333,0.0,,,,,,,,,,2021-03-28,2021-03-28,2,인스타스토리
2 (전체),2 (인스타스토리),2 - 2(인스타스토리 상세),18-24,female,2021-03-28,,26,26,,117.0,1.0,,,,,,4500.0,0.0,,,,,,,,,,2021-03-28,2021-03-28,2,인스타스토리
2 (전체),2 (인스타피드),2 - 2(인스타피드 상세),18-24,male,2021-03-28,1.0,4,4,25.0,25.0,1.0,1.0,1.0,,,25.0,6250.0,25.0,1.0,,,1.0,,,,,1.0,2021-03-28,2021-03-28,2,인스타피드
3 (전체),3 (인스타피드),3 - 1(인스타피드 상세),25-34,female,2021-03-28,7.0,198,198,198.14285714286,1387.0,1.0,7.0,7.0,5.0,277.4,198.14285714,7005.05050505,3.53535354,11.0,,,11.0,1.0,3.0,,,7.0,2021-03-28,2021-03-28,3,인스타피드
2 (전체),2 (페이스북),2 - 2(페이스북 상세),18-24,male,2021-03-28,,9,12,,41.0,1.3333333333333,,,,,,3416.66666667,0.0,,,,,,,,,,2021-03-28,2021-03-28,2,페이스북
2 (전체),2 (페이스북),2 - 2(페이스북 상세),18-24,female,2021-03-28,4.0,85,90,137.5,550.0,1.0588235294118,4.0,4.0,2.0,275.0,137.5,6111.11111111,5.55555556,4.0,,,4.0,,,,,4.0,2021-03-28,2021-03-28,2,페이스북
2 (전체),2 (페이스북),2 - 1(페이스북 상세),18-24,unknown,2021-03-28,,1,1,,7.0,1.0,,,,,,7000.0,0.0,,,,,,,,,,2021-03-28,2021-03-28,2,페이스북
2 (전체),2 (페이스북),2 - 1(페이스북 상세),18-24,female,2021-03-28,34.0,1761,1947,236.14705882353,8029.0,1.1056218057922,31.0,34.0,27.0,297.37037037,236.14705882,4123.78017463,3.0816641,39.0,,,39.0,4.0,,1.0,,31.0,2021-03-28,2021-03-28,2,페이스북
2 (전체),2 (페이스북),2 - 1(페이스북 상세),18-24,male,2021-03-28,3.0,279,306,267.33333333333,802.0,1.0967741935484,3.0,3.0,3.0,267.33333333,267.33333333,2620.91503268,0.98039216,3.0,,,3.0,,,,,3.0,2021-03-28,2021-03-28,2,페이스북
2 (전체),2 (인스타피드),2 - 1(인스타피드 상세),Unknown,unknown,2021-03-28,,1,1,,3.0,1.0,,,,,,3000.0,0.0,,,,,,,,,,2021-03-28,2021-03-28,2,인스타피드
2 (전체),2 (인스타피드),2 - 1(인스타피드 상세),18-24,unknown,2021-03-28,,3,3,,15.0,1.0,,,,,,5000.0,0.0,,,,,,,,,,2021-03-28,2021-03-28,2,인스타피드
3 (전체),3 (인스타피드),3 - 1(인스타피드 상세),18-24,female,2021-03-28,18.0,900,906,258.27777777778,4649.0,1.0066666666667,17.0,18.0,13.0,357.61538462,258.27777778,5131.34657837,2.42825607,23.0,,,23.0,2.0,2.0,1.0,,17.0,2021-03-28,2021-03-28,3,인스타피드
3 (전체),3 (인스타피드),3 - 1(인스타피드 상세),Unknown,unknown,2021-03-28,,1,1,,6.0,1.0,,,,,,6000.0,0.0,,,,,,,,,,2021-03-28,2021-03-28,3,인스타피드
7 (전체),7 (페이스북),7 - 2(페이스북 상세),35-44,female,2021-03-28,3.0,42,42,56.333333333333,169.0,1.0,2.0,3.0,,,56.33333333,4023.80952381,9.52380952,3.0,,,3.0,,,,,2.0,2021-03-28,2021-03-28,7,페이스북
5 (전체),5 (인스타스토리),5 - 1(인스타스토리 상세),25-34,female,2021-03-28,1.0,87,87,472.0,472.0,1.0,1.0,1.0,,,472.0,5425.28735632,1.14942529,1.0,,,1.0,,,,,1.0,2021-03-28,2021-03-28,5,인스타스토리
5 (전체),5 (페이스북),5 - 2(페이스북 상세),25-34,female,2021-03-28,2.0,10,11,29.5,59.0,1.1,2.0,2.0,2.0,29.5,29.5,5363.63636364,36.36363636,3.0,,,3.0,,,1.0,,2.0,2021-03-28,2021-03-28,5,페이스북
5 (전체),5 (인스타피드),5 - 1(인스타피드 상세),Unknown,unknown,2021-03-28,,2,2,,32.0,1.0,,,,,,16000.0,0.0,,,,,,,,,,2021-03-28,2021-03-28,5,인스타피드
5 (전체),5 (인스타피드),5 - 1(인스타피드 상세),35-44,female,2021-03-28,,6,6,,70.0,1.0,,,,,,11666.66666667,0.0,,,,,,,,,,2021-03-28,2021-03-28,5,인스타피드
5 (전체),5 (인스타피드),5 - 1(인스타피드 상세),25-34,female,2021-03-28,32.0,669,672,186.53125,5969.0,1.0044843049327,32.0,32.0,26.0,229.57692308,186.53125,8882.44047619,5.05952381,39.0,,,39.0,2.0,5.0,,,32.0,2021-03-28,2021-03-28,5,인스타피드
5 (전체),5 (인스타피드),5 - 1(인스타피드 상세),18-24,female,2021-03-28,8.0,251,251,290.875,2327.0,1.0,8.0,8.0,7.0,332.42857143,290.875,9270.91633466,3.58565737,11.0,,,11.0,2.0,,1.0,,8.0,2021-03-28,2021-03-28,5,인스타피드
5 (전체),5 (인스타스토리),5 - 1(인스타스토리 상세),35-44,female,2021-03-28,,2,2,,14.0,1.0,,,,,,7000.0,0.0,,,,,,,,,,2021-03-28,2021-03-28,5,인스타스토리
5 (전체),5 (인스타스토리),5 - 1(인스타스토리 상세),18-24,female,2021-03-28,1.0,57,57,338.0,338.0,1.0,1.0,1.0,1.0,338.0,338.0,5929.8245614,1.75438596,1.0,,,1.0,,,,,1.0,2021-03-28,2021-03-28,5,인스타스토리
4 (전체),4 (인스타피드),4 - 2(인스타피드 상세),18-24,female,2021-03-28,45.0,1515,1522,186.68888888889,8401.0,1.0046204620462,45.0,45.0,37.0,227.05405405,186.68888889,5519.7109067,3.41655716,53.0,,1.0,53.0,4.0,3.0,,,45.0,2021-03-28,2021-03-28,4,인스타피드
4 (전체),4 (페이스북),4 - 2(페이스북 상세),18-24,female,2021-03-28,9.0,300,313,138.11111111111,1243.0,1.0433333333333,8.0,9.0,9.0,138.11111111,138.11111111,3971.24600639,3.83386581,10.0,,,10.0,,,1.0,,8.0,2021-03-28,2021-03-28,4,페이스북
4 (전체),4 (페이스북),4 - 2(페이스북 상세),25-34,female,2021-03-28,3.0,79,81,118.33333333333,355.0,1.0253164556962,3.0,3.0,2.0,177.5,118.33333333,4382.71604938,3.7037037,3.0,,,3.0,,,,,3.0,2021-03-28,2021-03-28,4,페이스북
4 (전체),4 (인스타스토리),4 - 2(인스타스토리 상세),18-24,female,2021-03-28,12.0,786,789,263.41666666667,3161.0,1.0038167938931,12.0,12.0,11.0,287.36363636,263.41666667,4006.33713561,1.52091255,12.0,,,12.0,,,,,12.0,2021-03-28,2021-03-28,4,인스타스토리
4 (전체),4 (인스타스토리),4 - 2(인스타스토리 상세),25-34,female,2021-03-28,3.0,53,53,107.0,321.0,1.0,2.0,3.0,2.0,160.5,107.0,6056.60377358,5.66037736,3.0,,,3.0,,,,,2.0,2021-03-28,2021-03-28,4,인스타스토리
4 (전체),4 (인스타피드),4 - 2(인스타피드 상세),13-17,unknown,2021-03-28,,1,1,,1.0,1.0,,,,,,1000.0,0.0,,,,,,,,,,2021-03-28,2021-03-28,4,인스타피드
4 (전체),4 (인스타피드),4 - 2(인스타피드 상세),Unknown,unknown,2021-03-28,,3,3,,14.0,1.0,,,,,,4666.66666667,0.0,,,,,,,,,,2021-03-28,2021-03-28,4,인스타피드
4 (전체),4 (인스타피드),4 - 2(인스타피드 상세),25-34,female,2021-03-28,9.0,173,173,129.66666666667,1167.0,1.0,9.0,9.0,6.0,194.5,129.66666667,6745.66473988,5.20231214,12.0,,,12.0,1.0,1.0,1.0,,9.0,2021-03-28,2021-03-28,4,인스타피드
7 (전체),7 (인스타스토리),7 - 2(인스타스토리 상세),45-54,female,2021-03-28,,1,1,,0.0,1.0,,,,,,0.0,0.0,,,,,,,,,,2021-03-28,2021-03-28,7,인스타스토리
7 (전체),7 (페이스북),7 - 2(페이스북 상세),45-54,male,2021-03-28,1.0,37,40,123.0,123.0,1.0810810810811,1.0,1.0,,,123.0,3075.0,2.5,1.0,,,1.0,,,,,1.0,2021-03-28,2021-03-28,7,페이스북
2 (전체),2 (인스타피드),2 - 1(인스타피드 상세),18-24,female,2021-03-28,15.0,537,541,190.8,2862.0,1.0074487895717,14.0,15.0,11.0,260.18181818,190.8,5290.20332717,3.69685767,21.0,,,21.0,6.0,,,,14.0,2021-03-28,2021-03-28,2,인스타피드
10 (전체),10 (인스타스토리),10 - 2(인스타스토리 상세),25-34,male,2021-03-28,,1,1,,1.0,1.0,,,,,,1000.0,0.0,,,,,,,,,,2021-03-28,2021-03-28,10,인스타스토리
10 (전체),10 (인스타피드),10 - 2(인스타피드 상세),25-34,female,2021-03-28,12.0,244,245,132.08333333333,1585.0,1.0040983606557,12.0,12.0,8.0,198.125,132.08333333,6469.3877551,5.30612245,13.0,,,13.0,1.0,,,,12.0,2021-03-28,2021-03-28,10,인스타피드
10 (전체),10 (페이스북),10 - 1(페이스북 상세),18-24,unknown,2021-03-28,,2,2,,5.0,1.0,,,,,,2500.0,0.0,,,,,,,,,,2021-03-28,2021-03-28,10,페이스북
10 (전체),10 (페이스북),10 - 1(페이스북 상세),25-34,male,2021-03-28,,9,9,,25.0,1.0,,,,,,2777.77777778,0.0,,,,,,,,,,2021-03-28,2021-03-28,10,페이스북
10 (전체),10 (페이스북),10 - 1(페이스북 상세),18-24,male,2021-03-28,,52,54,,197.0,1.0384615384615,,,,,,3648.14814815,0.0,,,,,,,,,,2021-03-28,2021-03-28,10,페이스북
10 (전체),10 (페이스북),10 - 1(페이스북 상세),25-34,female,2021-03-28,7.0,234,250,184.14285714286,1289.0,1.0683760683761,6.0,7.0,3.0,429.66666667,184.14285714,5156.0,4.0,7.0,,,7.0,,,,,6.0,2021-03-28,2021-03-28,10,페이스북
10 (전체),10 (페이스북),10 - 1(페이스북 상세),18-24,female,2021-03-28,26.0,1068,1127,204.15384615385,5308.0,1.0552434456929,23.0,26.0,20.0,265.4,204.15384615,4709.84915705,3.81543922,27.0,,,27.0,,,1.0,,23.0,2021-03-28,2021-03-28,10,페이스북
10 (전체),10 (인스타스토리),10 - 2(인스타스토리 상세),18-24,male,2021-03-28,,10,10,,46.0,1.0,,,,,,4600.0,0.0,,,,,,,,,,2021-03-28,2021-03-28,10,인스타스토리
10 (전체),10 (인스타피드),10 - 2(인스타피드 상세),25-34,male,2021-03-28,1.0,33,33,190.0,190.0,1.0,1.0,1.0,1.0,190.0,190.0,5757.57575758,3.03030303,1.0,,,1.0,,,,,1.0,2021-03-28,2021-03-28,10,인스타피드
10 (전체),10 (인스타스토리),10 - 2(인스타스토리 상세),25-34,female,2021-03-28,,10,10,,35.0,1.0,,,,,,3500.0,0.0,,,,,,,,,,2021-03-28,2021-03-28,10,인스타스토리
10 (전체),10 (인스타스토리),10 - 2(인스타스토리 상세),18-24,female,2021-03-28,4.0,170,170,149.25,597.0,1.0,4.0,4.0,3.0,199.0,149.25,3511.76470588,2.94117647,4.0,,,4.0,,,,,4.0,2021-03-28,2021-03-28,10,인스타스토리
8 - 남자 (전체),8 (페이스북),8 - 2(페이스북 상세),35-44,male,2021-03-28,,46,47,,172.20058309038,1.0217391304348,,,,,,3663.84219341,0.0,,,,,,,,,,2021-03-28,2021-03-28,8,페이스북
8 - 남자 (전체),8 (페이스북),8 - 2(페이스북 상세),25-34,male,2021-03-28,17.0,1558,1708,292.87055393586,4978.7994169096,1.0962772785623,17.0,17.0,12.0,414.89995141,292.87055394,2914.98794901,1.17096019,17.0,,,17.0,,,,,17.0,2021-03-28,2021-03-28,8,페이스북
8 - 남자 (전체),8 (인스타스토리),8 - 2(인스타스토리 상세),25-34,male,2021-03-28,,18,18,,123.0,1.0,,,,,,6833.33333333,0.0,,,,,,,,,,2021-03-28,2021-03-28,8,인스타스토리
8 - 남자 (전체),8 (인스타피드),8 - 2(인스타피드 상세),13-17,unknown,2021-03-28,,1,1,,20.0,1.0,,,,,,20000.0,0.0,,,,,,,,,,2021-03-28,2021-03-28,8,인스타피드
10 (전체),10 (인스타피드),10 - 2(인스타피드 상세),18-24,female,2021-03-28,9.0,463,463,287.55555555556,2588.0,1.0,9.0,9.0,7.0,369.71428571,287.55555556,5589.63282937,1.94384449,12.0,,,12.0,,3.0,,,9.0,2021-03-28,2021-03-28,10,인스타피드
10 (전체),10 (인스타피드),10 - 2(인스타피드 상세),18-24,male,2021-03-28,,62,62,,326.0,1.0,,,,,,5258.06451613,0.0,,,,,,,,,,2021-03-28,2021-03-28,10,인스타피드
8 - 남자 (전체),8 (인스타피드),8 - 2(인스타피드 상세),35-44,male,2021-03-28,1.0,14,14,155.0,155.0,1.0,1.0,1.0,,,155.0,11071.42857143,7.14285714,1.0,,,1.0,,,,,1.0,2021-03-28,2021-03-28,8,인스타피드
10 (전체),10 (인스타스토리),10 - 1(인스타스토리 상세),25-34,female,2021-03-28,,1,1,,1.0,1.0,,,,,,1000.0,0.0,,,,,,,,,,2021-03-28,2021-03-28,10,인스타스토리
10 (전체),10 (인스타피드),10 - 1(인스타피드 상세),25-34,unknown,2021-03-28,,1,1,,50.0,1.0,,,,,,50000.0,0.0,,,,,,,,,,2021-03-28,2021-03-28,10,인스타피드
10 (전체),10 (인스타피드),10 - 1(인스타피드 상세),25-34,male,2021-03-28,,21,21,,158.0,1.0,,,,,,7523.80952381,0.0,,,,,,,,,,2021-03-28,2021-03-28,10,인스타피드
10 (전체),10 (인스타피드),10 - 1(인스타피드 상세),18-24,female,2021-03-28,3.0,204,204,345.66666666667,1037.0,1.0,3.0,3.0,3.0,345.66666667,345.66666667,5083.33333333,2.94117647,3.0,,,3.0,,,,,3.0,2021-03-28,2021-03-28,10,인스타피드
10 (전체),10 (인스타피드),10 - 1(인스타피드 상세),25-34,female,2021-03-28,6.0,74,74,78.0,468.0,1.0,6.0,6.0,5.0,93.6,78.0,6324.32432432,8.10810811,6.0,,,6.0,,,,,6.0,2021-03-28,2021-03-28,10,인스타피드
10 (전체),10 (인스타피드),10 - 1(인스타피드 상세),18-24,male,2021-03-28,2.0,48,48,140.0,280.0,1.0,2.0,2.0,1.0,280.0,140.0,5833.33333333,4.16666667,3.0,,,3.0,,1.0,,,2.0,2021-03-28,2021-03-28,10,인스타피드
10 (전체),10 (인스타스토리),10 - 1(인스타스토리 상세),18-24,male,2021-03-28,,1,1,,8.0,1.0,,,,,,8000.0,0.0,,,,,,,,,,2021-03-28,2021-03-28,10,인스타스토리
10 (전체),10 (인스타스토리),10 - 1(인스타스토리 상세),18-24,female,2021-03-28,,8,8,,30.0,1.0,,,,,,3750.0,0.0,,,,,,,,,,2021-03-28,2021-03-28,10,인스타스토리
10 (전체),10 (인스타피드),10 - 2(인스타피드 상세),18-24,unknown,2021-03-28,,2,2,,4.0,1.0,,,,,,2000.0,0.0,,,,,,,,,,2021-03-28,2021-03-28,10,인스타피드
10 (전체),10 (페이스북),10 - 2(페이스북 상세),18-24,unknown,2021-03-28,,1,1,,4.0,1.0,,,,,,4000.0,0.0,,,,,,,,,,2021-03-28,2021-03-28,10,페이스북
10 (전체),10 (페이스북),10 - 2(페이스북 상세),25-34,male,2021-03-28,,15,16,,70.0,1.0666666666667,,,,,,4375.0,0.0,,,,,,,,,,2021-03-28,2021-03-28,10,페이스북
10 (전체),10 (페이스북),10 - 2(페이스북 상세),18-24,female,2021-03-28,,113,115,,515.0,1.0176991150442,,,,,,4478.26086957,0.86956522,1.0,,,1.0,,,1.0,,,2021-03-28,2021-03-28,10,페이스북
10 (전체),10 (페이스북),10 - 2(페이스북 상세),25-34,female,2021-03-28,1.0,35,37,160.0,160.0,1.0571428571429,1.0,1.0,1.0,160.0,160.0,4324.32432432,5.40540541,4.0,,,4.0,1.0,1.0,1.0,,1.0,2021-03-28,2021-03-28,10,페이스북
10 (전체),10 (페이스북),10 - 2(페이스북 상세),18-24,male,2021-03-28,1.0,91,95,411.0,411.0,1.043956043956,1.0,1.0,1.0,411.0,411.0,4326.31578947,2.10526316,1.0,,,1.0,,,,,1.0,2021-03-28,2021-03-28,10,페이스북
10 (전체),10 (인스타피드),10 - 2(인스타피드 상세),13-17,unknown,2021-03-28,,1,1,,6.0,1.0,,,,,,6000.0,0.0,,,,,,,,,,2021-03-28,2021-03-28,10,인스타피드
10 (전체),10 (인스타피드),10 - 2(인스타피드 상세),25-34,unknown,2021-03-28,,1,1,,38.0,1.0,,,,,,38000.0,0.0,,,,,,,,,,2021-03-28,2021-03-28,10,인스타피드
8 - 남자 (전체),8 (인스타피드),8 - 2(인스타피드 상세),Unknown,unknown,2021-03-28,,2,2,,15.0,1.0,,,,,,7500.0,0.0,,,,,,,,,,2021-03-28,2021-03-28,8,인스타피드
8 - 남자 (전체),8 (인스타피드),8 - 2(인스타피드 상세),25-34,male,2021-03-28,9.0,333,334,281.55555555556,2534.0,1.003003003003,9.0,9.0,9.0,281.55555556,281.55555556,7586.82634731,3.59281437,11.0,,,11.0,,2.0,,,9.0,2021-03-28,2021-03-28,8,인스타피드
7 (전체),7 (페이스북),7 - 2(페이스북 상세),25-34,male,2021-03-28,1.0,16,17,91.0,91.0,1.0625,1.0,1.0,1.0,91.0,91.0,5352.94117647,5.88235294,1.0,,,1.0,,,,,1.0,2021-03-28,2021-03-28,7,페이스북
7 (전체),7 (인스타피드),7 - 1(인스타피드 상세),45-54,male,2021-03-28,,3,3,,11.0,1.0,,,,,,3666.66666667,0.0,,,,,,,,,,2021-03-28,2021-03-28,7,인스타피드
7 (전체),7 (페이스북),7 - 1(페이스북 상세),45-54,female,2021-03-28,1.0,62,64,276.0,276.0,1.0322580645161,1.0,1.0,1.0,276.0,276.0,4312.5,1.5625,1.0,,,1.0,,,,,1.0,2021-03-28,2021-03-28,7,페이스북
7 (전체),7 (페이스북),7 - 1(페이스북 상세),45-54,male,2021-03-28,1.0,63,66,183.0,183.0,1.047619047619,1.0,1.0,1.0,183.0,183.0,2772.72727273,3.03030303,1.0,,,1.0,,,,,1.0,2021-03-28,2021-03-28,7,페이스북
7 (전체),7 (페이스북),7 - 1(페이스북 상세),25-34,female,2021-03-28,3.0,77,80,148.33333333333,445.0,1.038961038961,3.0,3.0,3.0,148.33333333,148.33333333,5562.5,5.0,3.0,,,3.0,,,,,3.0,2021-03-28,2021-03-28,7,페이스북
7 (전체),7 (페이스북),7 - 1(페이스북 상세),35-44,female,2021-03-28,2.0,108,111,315.0,630.0,1.0277777777778,2.0,2.0,2.0,315.0,315.0,5675.67567568,1.8018018,2.0,,,2.0,,,,,2.0,2021-03-28,2021-03-28,7,페이스북
7 (전체),7 (인스타피드),7 - 1(인스타피드 상세),13-17,unknown,2021-03-28,,1,1,,5.0,1.0,,,,,,5000.0,0.0,,,,,,,,,,2021-03-28,2021-03-28,7,인스타피드
7 (전체),7 (인스타피드),7 - 1(인스타피드 상세),35-44,unknown,2021-03-28,,2,2,,12.0,1.0,,,,,,6000.0,0.0,,,,,,,,,,2021-03-28,2021-03-28,7,인스타피드
7 (전체),7 (인스타피드),7 - 1(인스타피드 상세),25-34,male,2021-03-28,,15,15,,96.0,1.0,,,,,,6400.0,0.0,,,,,,,,,,2021-03-28,2021-03-28,7,인스타피드
7 (전체),7 (페이스북),7 - 1(페이스북 상세),25-34,male,2021-03-28,,30,32,,110.0,1.0666666666667,,,,,,3437.5,6.25,,,,,,,,,,2021-03-28,2021-03-28,7,페이스북
7 (전체),7 (인스타피드),7 - 1(인스타피드 상세),45-54,female,2021-03-28,,31,31,,308.0,1.0,,,,,,9935.48387097,0.0,,,,,,,,,,2021-03-28,2021-03-28,7,인스타피드
7 (전체),7 (인스타피드),7 - 1(인스타피드 상세),35-44,male,2021-03-28,1.0,45,45,377.0,377.0,1.0,1.0,1.0,1.0,377.0,377.0,8377.77777778,2.22222222,1.0,,,1.0,,,,,1.0,2021-03-28,2021-03-28,7,인스타피드
7 (전체),7 (인스타피드),7 - 1(인스타피드 상세),25-34,female,2021-03-28,7.0,201,201,231.28571428571,1619.0,1.0,7.0,7.0,6.0,269.83333333,231.28571429,8054.72636816,3.48258706,8.0,,,8.0,,1.0,,,7.0,2021-03-28,2021-03-28,7,인스타피드
7 (전체),7 (인스타피드),7 - 1(인스타피드 상세),35-44,female,2021-03-28,9.0,202,202,205.44444444444,1849.0,1.0,9.0,9.0,8.0,231.125,205.44444444,9153.46534653,4.45544554,11.0,,,11.0,1.0,1.0,,,9.0,2021-03-28,2021-03-28,7,인스타피드
7 (전체),7 (페이스북),7 - 2(페이스북 상세),45-54,female,2021-03-28,,16,17,,66.0,1.0625,,,,,,3882.35294118,0.0,,,,,,,,,,2021-03-28,2021-03-28,7,페이스북
7 (전체),7 (페이스북),7 - 2(페이스북 상세),25-34,female,2021-03-28,,33,34,,174.0,1.030303030303,,,,,,5117.64705882,0.0,,,,,,,,,,2021-03-28,2021-03-28,7,페이스북
7 (전체),7 (페이스북),7 - 2(페이스북 상세),35-44,male,2021-03-28,,45,49,,123.0,1.0888888888889,,,,,,2510.20408163,0.0,,,,,,,,,,2021-03-28,2021-03-28,7,페이스북
7 (전체),7 (페이스북),7 - 1(페이스북 상세),35-44,male,2021-03-28,,123,127,,518.0,1.0325203252033,,,,,,4078.74015748,0.0,,,,,,,,,,2021-03-28,2021-03-28,7,페이스북
7 (전체),7 (페이스북),7 - 1(페이스북 상세),25-34,unknown,2021-03-28,,1,1,,3.0,1.0,,,,,,3000.0,0.0,,,,,,,,,,2021-03-28,2021-03-28,7,페이스북
8 - 여자 (전체),8 (페이스북),8 - 1(페이스북 상세),35-44,female,2021-03-28,,1,1,,5.0,1.0,,,,,,5000.0,0.0,,,,,,,,,,2021-03-28,2021-03-28,8,페이스북
7 (전체),7 (인스타피드),7 - 2(인스타피드 상세),13-17,unknown,2021-03-28,,1,1,,5.0,1.0,,,,,,5000.0,0.0,,,,,,,,,,2021-03-28,2021-03-28,7,인스타피드
8 - 여자 (전체),8 (페이스북),8 - 1(페이스북 상세),25-34,female,2021-03-28,3.0,22,25,42.333333333333,127.0,1.1363636363636,3.0,3.0,2.0,63.5,42.33333333,5080.0,32.0,5.0,,1.0,5.0,1.0,,,,3.0,2021-03-28,2021-03-28,8,페이스북
8 - 여자 (전체),8 (인스타스토리),8 - 1(인스타스토리 상세),25-34,female,2021-03-28,,28,29,,136.0,1.0357142857143,,,,,,4689.65517241,0.0,,,,,,,,,,2021-03-28,2021-03-28,8,인스타스토리
8 - 여자 (전체),8 (인스타피드),8 - 1(인스타피드 상세),Unknown,unknown,2021-03-28,,2,2,,5.0,1.0,,,,,,2500.0,0.0,,,,,,,,,,2021-03-28,2021-03-28,8,인스타피드
8 - 여자 (전체),8 (인스타피드),8 - 1(인스타피드 상세),35-44,female,2021-03-28,3.0,45,45,142.33333333333,427.0,1.0,3.0,3.0,3.0,142.33333333,142.33333333,9488.88888889,6.66666667,3.0,,,3.0,,,,,3.0,2021-03-28,2021-03-28,8,인스타피드
8 - 여자 (전체),8 (인스타피드),8 - 1(인스타피드 상세),25-34,female,2021-03-28,29.0,896,899,251.51724137931,7294.0,1.0033482142857,28.0,29.0,24.0,303.91666667,251.51724138,8113.45939933,3.55951057,35.0,,,35.0,4.0,1.0,1.0,,28.0,2021-03-28,2021-03-28,8,인스타피드
7 (전체),7 (인스타스토리),7 - 1(인스타스토리 상세),35-44,female,2021-03-28,,1,1,,10.0,1.0,,,,,,10000.0,0.0,,,,,,,,,,2021-03-28,2021-03-28,7,인스타스토리
7 (전체),7 (인스타피드),7 - 2(인스타피드 상세),25-34,unknown,2021-03-28,,3,3,,13.0,1.0,,,,,,4333.33333333,0.0,,,,,,,,,,2021-03-28,2021-03-28,7,인스타피드
7 (전체),7 (인스타피드),7 - 2(인스타피드 상세),25-34,female,2021-03-28,20.0,503,505,236.4,4728.0,1.0039761431412,20.0,20.0,17.0,278.11764706,236.4,9362.37623762,4.15841584,22.0,,,22.0,1.0,1.0,,,20.0,2021-03-28,2021-03-28,7,인스타피드
7 (전체),7 (인스타피드),7 - 2(인스타피드 상세),Unknown,unknown,2021-03-28,,3,3,,29.0,1.0,,,,,,9666.66666667,0.0,,,,,,,,,,2021-03-28,2021-03-28,7,인스타피드
7 (전체),7 (인스타피드),7 - 2(인스타피드 상세),35-44,unknown,2021-03-28,,4,4,,30.0,1.0,,,,,,7500.0,0.0,,,,,,,,,,2021-03-28,2021-03-28,7,인스타피드
7 (전체),7 (인스타피드),7 - 2(인스타피드 상세),45-54,male,2021-03-28,,18,18,,64.0,1.0,,,,,,3555.55555556,0.0,,,,,,,,,,2021-03-28,2021-03-28,7,인스타피드
7 (전체),7 (인스타피드),7 - 2(인스타피드 상세),25-34,male,2021-03-28,2.0,106,106,359.5,719.0,1.0,2.0,2.0,2.0,359.5,359.5,6783.01886792,1.88679245,2.0,,,2.0,,,,,2.0,2021-03-28,2021-03-28,7,인스타피드
7 (전체),7 (인스타피드),7 - 2(인스타피드 상세),45-54,female,2021-03-28,1.0,35,35,196.0,196.0,1.0,1.0,1.0,1.0,196.0,196.0,5600.0,2.85714286,1.0,,,1.0,,,,,1.0,2021-03-28,2021-03-28,7,인스타피드
7 (전체),7 (인스타피드),7 - 2(인스타피드 상세),35-44,male,2021-03-28,1.0,67,68,440.0,440.0,1.0149253731343,1.0,1.0,1.0,440.0,440.0,6470.58823529,1.47058824,1.0,,,1.0,,,,,1.0,2021-03-28,2021-03-28,7,인스타피드
7 (전체),7 (인스타피드),7 - 2(인스타피드 상세),35-44,female,2021-03-28,9.0,259,259,258.88888888889,2330.0,1.0,9.0,9.0,9.0,258.88888889,258.88888889,8996.13899614,3.86100386,9.0,,,9.0,,,,,9.0,2021-03-28,2021-03-28,7,인스타피드
2 (전체),2 (인스타피드),2 - 1(인스타피드 상세),18-24,male,2021-03-28,,83,84,,326.0,1.0120481927711,,,,,,3880.95238095,0.0,1.0,,,1.0,1.0,,,,,2021-03-28,2021-03-28,2,인스타피드
10 (전체),10 (인스타피드),10 - 1(인스타피드 상세),18-24,unknown,2021-03-28,,1,1,,2.0,1.0,,,,,,2000.0,0.0,,,,,,,,,,2021-03-28,2021-03-28,10,인스타피드
1 (전체),1 (인스타피드),1 - 2(인스타피드 상세),13-17,female,2021-03-28,40.0,2183,2213,173.475,6939.0,1.0137425561154,40.0,40.0,35.0,198.25714286,173.475,3135.56258473,2.0786263,52.0,,,52.0,9.0,3.0,,,40.0,2021-03-28,2021-03-28,1,인스타피드
1 (전체),1 (인스타스토리),1 - 1(인스타스토리 상세),18-24,female,2021-03-28,,4,4,,12.0,1.0,,,,,,3000.0,0.0,,,,,,,,,,2021-03-28,2021-03-28,1,인스타스토리
1 (전체),1 (인스타스토리),1 - 1(인스타스토리 상세),13-17,female,2021-03-28,,15,15,,25.0,1.0,,,,,,1666.66666667,0.0,,,,,,,,,,2021-03-28,2021-03-28,1,인스타스토리
1 (전체),1 (페이스북),1 - 1(페이스북 상세),13-17,female,2021-03-28,4.0,331,356,320.39700526103,1281.5880210441,1.0755287009063,4.0,4.0,3.0,427.19600701,320.39700526,3599.96635125,1.12359551,4.0,,,4.0,,,,,4.0,2021-03-28,2021-03-28,1,페이스북
1 (전체),1 (인스타스토리),1 - 3(인스타스토리 상세),18-24,male,2021-03-28,,3,3,,10.0,1.0,,,,,,3333.33333333,0.0,,,,,,,,,,2021-03-28,2021-03-28,1,인스타스토리
1 (전체),1 (인스타스토리),1 - 3(인스타스토리 상세),13-17,unknown,2021-03-28,,1,1,,1.0,1.0,,,,,,1000.0,0.0,,,,,,,,,,2021-03-28,2021-03-28,1,인스타스토리
1 (전체),1 (인스타피드),1 - 1(인스타피드 상세),13-17,unknown,2021-03-28,,1,1,,1.0,1.0,,,,,,1000.0,0.0,,,,,,,,,,2021-03-28,2021-03-28,1,인스타피드
1 (전체),1 (인스타스토리),1 - 2(인스타스토리 상세),13-17,unknown,2021-03-28,,4,4,,4.0,1.0,,,,,,1000.0,0.0,,,,,,,,,,2021-03-28,2021-03-28,1,인스타스토리
1 (전체),1 (인스타스토리),1 - 2(인스타스토리 상세),18-24,male,2021-03-28,,7,7,,23.0,1.0,,,,,,3285.71428571,0.0,,,,,,,,,,2021-03-28,2021-03-28,1,인스타스토리
1 (전체),1 (인스타스토리),1 - 2(인스타스토리 상세),13-17,male,2021-03-28,,71,71,,103.0,1.0,,,,,,1450.70422535,0.0,,,,,,,,,,2021-03-28,2021-03-28,1,인스타스토리
1 (전체),1 (인스타피드),1 - 3(인스타피드 상세),13-17,female,2021-03-28,2.0,178,178,254.5,509.0,1.0,2.0,2.0,2.0,254.5,254.5,2859.5505618,2.24719101,3.0,,,3.0,1.0,,,,2.0,2021-03-28,2021-03-28,1,인스타피드
1 (전체),1 (인스타피드),1 - 3(인스타피드 상세),18-24,female,2021-03-28,1.0,88,89,374.0,374.0,1.0113636363636,1.0,1.0,,,374.0,4202.24719101,1.12359551,2.0,,,2.0,1.0,,,,1.0,2021-03-28,2021-03-28,1,인스타피드
1 (전체),1 (인스타스토리),1 - 1(인스타스토리 상세),13-17,male,2021-03-28,,8,8,,11.0,1.0,,,,,,1375.0,0.0,,,,,,,,,,2021-03-28,2021-03-28,1,인스타스토리
1 (전체),1 (인스타피드),1 - 3(인스타피드 상세),13-17,male,2021-03-28,1.0,30,30,99.0,99.0,1.0,1.0,1.0,1.0,99.0,99.0,3300.0,3.33333333,1.0,,,1.0,,,,,1.0,2021-03-28,2021-03-28,1,인스타피드
1 (전체),1 (인스타스토리),1 - 1(인스타스토리 상세),18-24,male,2021-03-28,,1,1,,2.0,1.0,,,,,,2000.0,0.0,,,,,,,,,,2021-03-28,2021-03-28,1,인스타스토리
1 (전체),1 (인스타스토리),1 - 3(인스타스토리 상세),13-17,female,2021-03-28,6.0,511,524,250.33333333333,1502.0,1.0254403131115,6.0,6.0,3.0,500.66666667,250.33333333,2866.41221374,1.14503817,6.0,,,6.0,,,,,6.0,2021-03-28,2021-03-28,1,인스타스토리
1 (전체),1 (인스타피드),1 - 3(인스타피드 상세),18-24,male,2021-03-28,,3,3,,18.0,1.0,,,,,,6000.0,0.0,,,,,,,,,,2021-03-28,2021-03-28,1,인스타피드
1 (전체),1 (인스타피드),1 - 3(인스타피드 상세),13-17,unknown,2021-03-28,,3,3,,2.0,1.0,,,,,,666.66666667,0.0,,,,,,,,,,2021-03-28,2021-03-28,1,인스타피드
1 (전체),1 (인스타피드),1 - 3(인스타피드 상세),18-24,unknown,2021-03-28,,2,2,,3.0,1.0,,,,,,1500.0,0.0,,,,,,,,,,2021-03-28,2021-03-28,1,인스타피드
1 (전체),1 (인스타스토리),1 - 2(인스타스토리 상세),13-17,female,2021-03-28,18.0,1415,1452,167.33333333333,3012.0,1.026148409894,16.0,18.0,18.0,167.33333333,167.33333333,2074.38016529,1.51515152,18.0,,,18.0,,,,,16.0,2021-03-28,2021-03-28,1,인스타스토리
1 (전체),1 (인스타스토리),1 - 2(인스타스토리 상세),18-24,female,2021-03-28,3.0,163,164,172.66666666667,518.0,1.0061349693252,3.0,3.0,3.0,172.66666667,172.66666667,3158.53658537,1.82926829,3.0,,,3.0,,,,,3.0,2021-03-28,2021-03-28,1,인스타스토리
1 (전체),1 (페이스북),1 - 2(페이스북 상세),18-24,male,2021-03-28,,13,14,,30.027713625866,1.0769230769231,,,,,,2144.83668756,0.0,,,,,,,,,,2021-03-28,2021-03-28,1,페이스북
1 (전체),1 (페이스북),1 - 2(페이스북 상세),18-24,female,2021-03-28,3.0,20,21,27.024942263279,81.074826789838,1.05,2.0,3.0,1.0,81.07482679,27.02494226,3860.70603761,14.28571429,3.0,,,3.0,,,,,2.0,2021-03-28,2021-03-28,1,페이스북
1 (전체),1 (페이스북),1 - 2(페이스북 상세),13-17,male,2021-03-28,4.0,227,267,135.37494226328,541.49976905312,1.1762114537445,3.0,4.0,2.0,270.74988453,135.37494226,2028.08902267,1.87265918,4.0,,,4.0,,,,,3.0,2021-03-28,2021-03-28,1,페이스북
1 (전체),1 (페이스북),1 - 2(페이스북 상세),13-17,female,2021-03-28,15.0,419,473,100.95984603541,1514.3976905312,1.1288782816229,12.0,15.0,13.0,116.49213004,100.95984604,3201.68644933,4.22832981,16.0,,,16.0,,1.0,,,12.0,2021-03-28,2021-03-28,1,페이스북
1 (전체),1 (인스타피드),1 - 1(인스타피드 상세),18-24,male,2021-03-28,,10,10,,17.0,1.0,,,,,,1700.0,0.0,,,,,,,,,,2021-03-28,2021-03-28,1,인스타피드
1 (전체),1 (인스타피드),1 - 1(인스타피드 상세),13-17,male,2021-03-28,1.0,26,26,64.0,64.0,1.0,1.0,1.0,1.0,64.0,64.0,2461.53846154,3.84615385,1.0,,,1.0,,,,,1.0,2021-03-28,2021-03-28,1,인스타피드
1 (전체),1 (인스타피드),1 - 1(인스타피드 상세),13-17,female,2021-03-28,1.0,119,119,304.0,304.0,1.0,1.0,1.0,1.0,304.0,304.0,2554.62184874,0.84033613,1.0,,,1.0,,,,,1.0,2021-03-28,2021-03-28,1,인스타피드
1 (전체),1 (인스타피드),1 - 1(인스타피드 상세),18-24,female,2021-03-28,,64,64,,203.0,1.0,,,,,,3171.875,0.0,,,,,,,,,,2021-03-28,2021-03-28,1,인스타피드
1 (전체),1 (인스타스토리),1 - 3(인스타스토리 상세),13-17,male,2021-03-28,,41,41,,93.0,1.0,,,,,,2268.29268293,0.0,,,,,,,,,,2021-03-28,2021-03-28,1,인스타스토리
1 (전체),1 (인스타스토리),1 - 3(인스타스토리 상세),18-24,female,2021-03-28,1.0,49,50,268.0,268.0,1.0204081632653,1.0,1.0,,,268.0,5360.0,2.0,1.0,,,1.0,,,,,1.0,2021-03-28,2021-03-28,1,인스타스토리
1 (전체),1 (인스타피드),1 - 2(인스타피드 상세),13-17,unknown,2021-03-28,,7,7,,23.0,1.0,,,,,,3285.71428571,0.0,,,,,,,,,,2021-03-28,2021-03-28,1,인스타피드
2 (전체),2 (인스타스토리),2 - 1(인스타스토리 상세),18-24,female,2021-03-28,8.0,535,538,216.75,1734.0,1.0056074766355,8.0,8.0,8.0,216.75,216.75,3223.04832714,1.48698885,8.0,,,8.0,,,,,8.0,2021-03-28,2021-03-28,2,인스타스토리
1 (전체),1 (페이스북),1 - 3(페이스북 상세),18-24,female,2021-03-28,2.0,37,38,86.5,173.0,1.027027027027,2.0,2.0,2.0,86.5,86.5,4552.63157895,5.26315789,2.0,,,2.0,,,,,2.0,2021-03-28,2021-03-28,1,페이스북
1 (전체),1 (페이스북),1 - 3(페이스북 상세),13-17,male,2021-03-28,1.0,55,65,174.0,174.0,1.1818181818182,1.0,1.0,1.0,174.0,174.0,2676.92307692,1.53846154,1.0,,,1.0,,,,,1.0,2021-03-28,2021-03-28,1,페이스북
1 (전체),1 (페이스북),1 - 1(페이스북 상세),13-17,male,2021-03-28,3.0,216,231,190.71846755699,572.15540267098,1.0694444444444,3.0,3.0,1.0,572.15540267,190.71846756,2476.86321503,1.2987013,3.0,,,3.0,,,,,3.0,2021-03-28,2021-03-28,1,페이스북
1 (전체),1 (페이스북),1 - 1(페이스북 상세),18-24,female,2021-03-28,,136,146,,487.9854309996,1.0735294117647,,,,,,3342.36596575,0.0,,,,,,,,,,2021-03-28,2021-03-28,1,페이스북
1 (전체),1 (페이스북),1 - 3(페이스북 상세),13-17,female,2021-03-28,3.0,230,248,277.66666666667,833.0,1.0782608695652,3.0,3.0,2.0,416.5,277.66666667,3358.87096774,2.01612903,4.0,,,4.0,1.0,,,,3.0,2021-03-28,2021-03-28,1,페이스북
2 (전체),2 (인스타스토리),2 - 1(인스타스토리 상세),18-24,male,2021-03-28,,41,42,,130.0,1.0243902439024,,,,,,3095.23809524,0.0,,,,,,,,,,2021-03-28,2021-03-28,2,인스타스토리
1 (전체),1 (페이스북),1 - 3(페이스북 상세),18-24,male,2021-03-28,,3,3,,12.0,1.0,,,,,,4000.0,0.0,,,,,,,,,,2021-03-28,2021-03-28,1,페이스북
1 (전체),1 (페이스북),1 - 1(페이스북 상세),18-24,male,2021-03-28,,57,57,,134.27114528531,1.0,,,,,,2355.63412781,1.75438596,,,,,,,,,,2021-03-28,2021-03-28,1,페이스북
1 (전체),1 (인스타피드),1 - 2(인스타피드 상세),18-24,male,2021-03-28,1.0,62,62,222.0,222.0,1.0,1.0,1.0,1.0,222.0,222.0,3580.64516129,1.61290323,1.0,,,1.0,,,,,1.0,2021-03-28,2021-03-28,1,인스타피드
1 (전체),1 (인스타피드),1 - 2(인스타피드 상세),Unknown,unknown,2021-03-28,,2,2,,8.0,1.0,,,,,,4000.0,0.0,,,,,,,,,,2021-03-28,2021-03-28,1,인스타피드
1 (전체),1 (인스타피드),1 - 2(인스타피드 상세),18-24,unknown,2021-03-28,,3,3,,12.0,1.0,,,,,,4000.0,0.0,,,,,,,,,,2021-03-28,2021-03-28,1,인스타피드
1 (전체),1 (인스타피드),1 - 2(인스타피드 상세),13-17,male,2021-03-28,3.0,352,352,226.33333333333,679.0,1.0,3.0,3.0,3.0,226.33333333,226.33333333,1928.97727273,1.42045455,5.0,,,5.0,1.0,1.0,,,3.0,2021-03-28,2021-03-28,1,인스타피드
1 (전체),1 (인스타피드),1 - 2(인스타피드 상세),18-24,female,2021-03-28,6.0,369,370,233.66666666667,1402.0,1.0027100271003,6.0,6.0,6.0,233.66666667,233.66666667,3789.18918919,2.43243243,10.0,,,10.0,1.0,3.0,,,6.0,2021-03-28,2021-03-28,1,인스타피드
2 (전체),2 (인스타스토리),2 - 1(인스타스토리 상세),18-24,unknown,2021-03-28,,5,5,,23.0,1.0,,,,,,4600.0,0.0,,,,,,,,,,2021-03-28,2021-03-28,2,인스타스토리
1 (전체),1 (페이스북),1 - 3(페이스북 상세),18-24,male,2021-03-27,,16,17,,66.0,1.0625,,,,,,3882.35294118,0.0,,,,,,,,,,2021-03-27,2021-03-27,1,페이스북
6 (전체),6 (인스타피드),6 - 2(인스타피드 상세),45-54,female,2021-03-27,,1,1,,12.0,1.0,,,,,,12000.0,0.0,,,,,,,,,,2021-03-27,2021-03-27,6,인스타피드
6 (전체),6 (페이스북),6 - 1(페이스북 상세),25-34,unknown,2021-03-27,,2,2,,10.002281021898,1.0,,,,,,5001.14051095,0.0,,,,,,,,,,2021-03-27,2021-03-27,6,페이스북
6 (전체),6 (페이스북),6 - 2(페이스북 상세),45-54,male,2021-03-27,,1,1,,4.0,1.0,,,,,,4000.0,0.0,,,,,,,,,,2021-03-27,2021-03-27,6,페이스북
6 (전체),6 (페이스북),6 - 2(페이스북 상세),25-34,female,2021-03-27,1.0,4,4,30.0,30.0,1.0,1.0,1.0,1.0,30.0,30.0,7500.0,25.0,2.0,,,2.0,,1.0,,,1.0,2021-03-27,2021-03-27,6,페이스북
10 (전체),10 (인스타스토리),10 - 2(인스타스토리 상세),18-24,female,2021-03-27,4.0,127,128,97.5,390.0,1.007874015748,4.0,4.0,4.0,97.5,97.5,3046.875,3.90625,4.0,,,4.0,,,,,4.0,2021-03-27,2021-03-27,10,인스타스토리
10 (전체),10 (인스타스토리),10 - 2(인스타스토리 상세),18-24,male,2021-03-27,,7,7,,11.0,1.0,,,,,,1571.42857143,0.0,,,,,,,,,,2021-03-27,2021-03-27,10,인스타스토리
1 (전체),1 (페이스북),1 - 2(페이스북 상세),13-17,unknown,2021-03-27,,1,1,,3.0255183413078,1.0,,,,,,3025.51834131,0.0,,,,,,,,,,2021-03-27,2021-03-27,1,페이스북
1 (전체),1 (페이스북),1 - 2(페이스북 상세),18-24,female,2021-03-27,,28,30,,183.54811270601,1.0714285714286,,,,,,6118.27042353,0.0,,,,,,,,,,2021-03-27,2021-03-27,1,페이스북
1 (전체),1 (페이스북),1 - 2(페이스북 상세),18-24,male,2021-03-27,,28,30,,92.782562466773,1.0714285714286,,,,,,3092.75208223,0.0,,,,,,,,,,2021-03-27,2021-03-27,1,페이스북
1 (전체),1 (페이스북),1 - 2(페이스북 상세),13-17,male,2021-03-27,2.0,150,175,218.34157363105,436.68314726209,1.1666666666667,2.0,2.0,1.0,436.68314726,218.34157363,2495.33227007,2.28571429,2.0,,,2.0,,,,,2.0,2021-03-27,2021-03-27,1,페이스북
10 (전체),10 (인스타스토리),10 - 2(인스타스토리 상세),25-34,female,2021-03-27,,6,6,,12.0,1.0,,,,,,2000.0,0.0,,,,,,,,,,2021-03-27,2021-03-27,10,인스타스토리
1 (전체),1 (인스타피드),1 - 2(인스타피드 상세),18-24,unknown,2021-03-27,,1,1,,4.0,1.0,,,,,,4000.0,0.0,,,,,,,,,,2021-03-27,2021-03-27,1,인스타피드
1 (전체),1 (인스타피드),1 - 1(인스타피드 상세),18-24,unknown,2021-03-27,,1,1,,0.0,1.0,,,,,,0.0,0.0,,,,,,,,,,2021-03-27,2021-03-27,1,인스타피드
1 (전체),1 (인스타피드),1 - 1(인스타피드 상세),13-17,unknown,2021-03-27,,1,1,,4.0,1.0,,,,,,4000.0,0.0,,,,,,,,,,2021-03-27,2021-03-27,1,인스타피드
6 (전체),6 (페이스북),6 - 2(페이스북 상세),35-44,male,2021-03-27,,1,1,,0.0,1.0,,,,,,0.0,0.0,,,,,,,,,,2021-03-27,2021-03-27,6,페이스북
6 (전체),6 (인스타피드),6 - 2(인스타피드 상세),25-34,female,2021-03-27,4.0,122,122,238.25,953.0,1.0,4.0,4.0,4.0,238.25,238.25,7811.47540984,3.27868852,4.0,,,4.0,,,,,4.0,2021-03-27,2021-03-27,6,인스타피드
6 (전체),6 (인스타피드),6 - 2(인스타피드 상세),45-54,unknown,2021-03-27,,1,1,,1.0,1.0,,,,,,1000.0,0.0,,,,,,,,,,2021-03-27,2021-03-27,6,인스타피드
1 (전체),1 (인스타피드),1 - 1(인스타피드 상세),18-24,male,2021-03-27,,22,22,,57.0,1.0,,,,,,2590.90909091,0.0,,,,,,,,,,2021-03-27,2021-03-27,1,인스타피드
1 (전체),1 (페이스북),1 - 3(페이스북 상세),18-24,female,2021-03-27,,80,85,,486.0,1.0625,,,,,,5717.64705882,2.35294118,,,,,,,,,,2021-03-27,2021-03-27,1,페이스북
1 (전체),1 (페이스북),1 - 3(페이스북 상세),13-17,male,2021-03-27,,148,180,,370.0,1.2162162162162,,,,,,2055.55555556,0.0,,,,,,,,,,2021-03-27,2021-03-27,1,페이스북
1 (전체),1 (페이스북),1 - 3(페이스북 상세),13-17,female,2021-03-27,5.0,341,372,347.4,1737.0,1.0909090909091,5.0,5.0,3.0,579.0,347.4,4669.35483871,2.95698925,7.0,,,7.0,,,2.0,,5.0,2021-03-27,2021-03-27,1,페이스북
6 (전체),6 (인스타피드),6 - 2(인스타피드 상세),45-54,male,2021-03-27,,1,1,,19.0,1.0,,,,,,19000.0,0.0,,,,,,,,,,2021-03-27,2021-03-27,6,인스타피드
1 (전체),1 (인스타피드),1 - 1(인스타피드 상세),13-17,female,2021-03-27,6.0,260,261,128.5,771.0,1.0038461538462,5.0,6.0,4.0,192.75,128.5,2954.02298851,2.29885057,8.0,,,8.0,,2.0,,,5.0,2021-03-27,2021-03-27,1,인스타피드
1 (전체),1 (인스타피드),1 - 1(인스타피드 상세),18-24,female,2021-03-27,4.0,184,184,175.25,701.0,1.0,4.0,4.0,4.0,175.25,175.25,3809.7826087,2.17391304,4.0,,,4.0,,,,,4.0,2021-03-27,2021-03-27,1,인스타피드
1 (전체),1 (인스타피드),1 - 1(인스타피드 상세),13-17,male,2021-03-27,,37,37,,51.0,1.0,,,,,,1378.37837838,0.0,,,,,,,,,,2021-03-27,2021-03-27,1,인스타피드
8 - 남자 (전체),8 (페이스북),8 - 2(페이스북 상세),35-44,male,2021-03-27,1.0,69,75,299.35845946351,299.35845946351,1.0869565217391,1.0,1.0,,,299.35845946,3991.44612618,1.33333333,1.0,,,1.0,,,,,1.0,2021-03-27,2021-03-27,8,페이스북
8 - 남자 (전체),8 (페이스북),8 - 2(페이스북 상세),25-34,male,2021-03-27,20.0,1442,1575,319.08207702682,6381.6415405365,1.0922330097087,18.0,20.0,12.0,531.80346171,319.08207703,4051.83589875,1.84126984,21.0,,,21.0,1.0,,,,18.0,2021-03-27,2021-03-27,8,페이스북
7 (전체),7 (인스타스토리),7 - 2(인스타스토리 상세),35-44,female,2021-03-27,,2,2,,3.0,1.0,,,,,,1500.0,0.0,,,,,,,,,,2021-03-27,2021-03-27,7,인스타스토리
6 (전체),6 (페이스북),6 - 1(페이스북 상세),45-54,female,2021-03-27,,54,55,,210.04790145985,1.0185185185185,,,,,,3819.05275382,0.0,,,,,,,,,,2021-03-27,2021-03-27,6,페이스북
6 (전체),6 (인스타피드),6 - 2(인스타피드 상세),35-44,male,2021-03-27,,8,8,,23.0,1.0,,,,,,2875.0,0.0,,,,,,,,,,2021-03-27,2021-03-27,6,인스타피드
6 (전체),6 (인스타피드),6 - 2(인스타피드 상세),35-44,female,2021-03-27,,16,16,,129.0,1.0,,,,,,8062.5,6.25,,,,,,,,,,2021-03-27,2021-03-27,6,인스타피드
8 - 남자 (전체),8 (인스타스토리),8 - 2(인스타스토리 상세),25-34,male,2021-03-27,1.0,11,11,116.0,116.0,1.0,1.0,1.0,1.0,116.0,116.0,10545.45454545,9.09090909,1.0,,,1.0,,,,,1.0,2021-03-27,2021-03-27,8,인스타스토리
6 (전체),6 (페이스북),6 - 1(페이스북 상세),35-44,male,2021-03-27,1.0,76,76,179.04083029197,179.04083029197,1.0,1.0,1.0,1.0,179.04083029,179.04083029,2355.80039858,1.31578947,1.0,,,1.0,,,,,1.0,2021-03-27,2021-03-27,6,페이스북
6 (전체),6 (페이스북),6 - 1(페이스북 상세),25-34,female,2021-03-27,9.0,501,514,352.1914284266,3169.7228558394,1.0259481037924,9.0,9.0,8.0,396.21535698,352.19142843,6166.77598412,2.33463035,9.0,,,9.0,,,,,9.0,2021-03-27,2021-03-27,6,페이스북
6 (전체),6 (페이스북),6 - 1(페이스북 상세),35-44,female,2021-03-27,,101,102,,427.09739963504,1.009900990099,,,,,,4187.22940819,0.0,,,,,,,,,,2021-03-27,2021-03-27,6,페이스북
6 (전체),6 (인스타피드),6 - 2(인스타피드 상세),25-34,male,2021-03-27,,29,29,,147.0,1.0,,,,,,5068.96551724,0.0,,,,,,,,,,2021-03-27,2021-03-27,6,인스타피드
6 (전체),6 (페이스북),6 - 1(페이스북 상세),25-34,male,2021-03-27,,90,93,,286.06523722628,1.0333333333333,,,,,,3075.97029276,1.07526882,,,,,,,,,,2021-03-27,2021-03-27,6,페이스북
6 (전체),6 (페이스북),6 - 1(페이스북 상세),45-54,male,2021-03-27,,58,64,,103.02349452555,1.1034482758621,,,,,,1609.74210196,0.0,,,,,,,,,,2021-03-27,2021-03-27,6,페이스북
7 (전체),7 (인스타스토리),7 - 2(인스타스토리 상세),45-54,female,2021-03-27,,2,2,,5.0,1.0,,,,,,2500.0,0.0,,,,,,,,,,2021-03-27,2021-03-27,7,인스타스토리
7 (전체),7 (페이스북),7 - 2(페이스북 상세),45-54,male,2021-03-27,,16,17,,130.0,1.0625,,,,,,7647.05882353,0.0,,,,,,,,,,2021-03-27,2021-03-27,7,페이스북
7 (전체),7 (인스타스토리),7 - 2(인스타스토리 상세),25-34,female,2021-03-27,,2,2,,9.0,1.0,,,,,,4500.0,0.0,,,,,,,,,,2021-03-27,2021-03-27,7,인스타스토리
7 (전체),7 (페이스북),7 - 1(페이스북 상세),45-54,unknown,2021-03-27,,1,1,,4.0,1.0,,,,,,4000.0,0.0,,,,,,,,,,2021-03-27,2021-03-27,7,페이스북
8 - 여자 (전체),8 (인스타피드),8 - 1(인스타피드 상세),35-44,female,2021-03-27,1.0,20,20,245.0,245.0,1.0,1.0,1.0,1.0,245.0,245.0,12250.0,5.0,1.0,,,1.0,,,,,1.0,2021-03-27,2021-03-27,8,인스타피드
8 - 여자 (전체),8 (인스타피드),8 - 1(인스타피드 상세),25-34,female,2021-03-27,33.0,861,866,255.69696969697,8438.0,1.0058072009292,31.0,33.0,28.0,301.35714286,255.6969697,9743.64896074,4.15704388,37.0,,,37.0,2.0,2.0,,,31.0,2021-03-27,2021-03-27,8,인스타피드
7 (전체),7 (인스타스토리),7 - 1(인스타스토리 상세),25-34,unknown,2021-03-27,,1,1,,3.0,1.0,,,,,,3000.0,0.0,,,,,,,,,,2021-03-27,2021-03-27,7,인스타스토리
7 (전체),7 (인스타스토리),7 - 1(인스타스토리 상세),25-34,male,2021-03-27,,1,1,,2.0,1.0,,,,,,2000.0,0.0,,,,,,,,,,2021-03-27,2021-03-27,7,인스타스토리
7 (전체),7 (인스타스토리),7 - 1(인스타스토리 상세),25-34,female,2021-03-27,,3,3,,8.0,1.0,,,,,,2666.66666667,0.0,,,,,,,,,,2021-03-27,2021-03-27,7,인스타스토리
7 (전체),7 (페이스북),7 - 1(페이스북 상세),45-54,female,2021-03-27,3.0,96,103,332.0,996.0,1.0729166666667,3.0,3.0,2.0,498.0,332.0,9669.90291262,3.88349515,3.0,,,3.0,,,,,3.0,2021-03-27,2021-03-27,7,페이스북
7 (전체),7 (페이스북),7 - 1(페이스북 상세),25-34,female,2021-03-27,1.0,79,82,657.0,657.0,1.0379746835443,1.0,1.0,1.0,657.0,657.0,8012.19512195,2.43902439,1.0,,,1.0,,,,,1.0,2021-03-27,2021-03-27,7,페이스북
7 (전체),7 (페이스북),7 - 1(페이스북 상세),35-44,male,2021-03-27,4.0,195,204,264.0,1056.0,1.0461538461538,4.0,4.0,3.0,352.0,264.0,5176.47058824,1.96078431,4.0,,,4.0,,,,,4.0,2021-03-27,2021-03-27,7,페이스북
7 (전체),7 (페이스북),7 - 1(페이스북 상세),35-44,female,2021-03-27,4.0,168,176,353.5,1414.0,1.047619047619,4.0,4.0,4.0,353.5,353.5,8034.09090909,4.54545455,4.0,,,4.0,,,,,4.0,2021-03-27,2021-03-27,7,페이스북
7 (전체),7 (페이스북),7 - 1(페이스북 상세),45-54,male,2021-03-27,,167,172,,873.0,1.0299401197605,,,,,,5075.58139535,0.0,,,,,,,,,,2021-03-27,2021-03-27,7,페이스북
7 (전체),7 (페이스북),7 - 1(페이스북 상세),25-34,male,2021-03-27,,38,40,,302.0,1.0526315789474,,,,,,7550.0,0.0,,,,,,,,,,2021-03-27,2021-03-27,7,페이스북
7 (전체),7 (페이스북),7 - 1(페이스북 상세),35-44,unknown,2021-03-27,,2,2,,4.0,1.0,,,,,,2000.0,0.0,,,,,,,,,,2021-03-27,2021-03-27,7,페이스북
7 (전체),7 (인스타스토리),7 - 1(인스타스토리 상세),35-44,female,2021-03-27,1.0,2,2,50.0,50.0,1.0,1.0,1.0,1.0,50.0,50.0,25000.0,100.0,1.0,,,1.0,,,,,1.0,2021-03-27,2021-03-27,7,인스타스토리
8 - 여자 (전체),8 (인스타피드),8 - 1(인스타피드 상세),13-17,unknown,2021-03-27,,2,2,,14.0,1.0,,,,,,7000.0,0.0,,,,,,,,,,2021-03-27,2021-03-27,8,인스타피드
1 (전체),1 (인스타피드),1 - 2(인스타피드 상세),13-17,female,2021-03-27,18.0,1112,1123,228.11111111111,4106.0,1.0098920863309,17.0,18.0,17.0,241.52941176,228.11111111,3656.27782725,1.8699911,30.0,,,30.0,8.0,4.0,,,17.0,2021-03-27,2021-03-27,1,인스타피드
1 (전체),1 (인스타피드),1 - 2(인스타피드 상세),13-17,male,2021-03-27,3.0,234,235,179.66666666667,539.0,1.0042735042735,3.0,3.0,3.0,179.66666667,179.66666667,2293.61702128,1.70212766,3.0,,,3.0,,,,,3.0,2021-03-27,2021-03-27,1,인스타피드
1 (전체),1 (인스타피드),1 - 2(인스타피드 상세),18-24,female,2021-03-27,4.0,229,230,309.75,1239.0,1.0043668122271,4.0,4.0,3.0,413.0,309.75,5386.95652174,1.73913043,6.0,,,6.0,,1.0,1.0,,4.0,2021-03-27,2021-03-27,1,인스타피드
1 (전체),1 (인스타피드),1 - 2(인스타피드 상세),18-24,male,2021-03-27,1.0,38,38,159.0,159.0,1.0,1.0,1.0,1.0,159.0,159.0,4184.21052632,5.26315789,1.0,,,1.0,,,,,1.0,2021-03-27,2021-03-27,1,인스타피드
1 (전체),1 (인스타피드),1 - 2(인스타피드 상세),13-17,unknown,2021-03-27,,9,9,,24.0,1.0,,,,,,2666.66666667,0.0,,,,,,,,,,2021-03-27,2021-03-27,1,인스타피드
7 (전체),7 (인스타피드),7 - 2(인스타피드 상세),25-34,female,2021-03-27,4.0,182,183,400.25,1601.0,1.0054945054945,4.0,4.0,3.0,533.66666667,400.25,8748.63387978,3.27868852,4.0,,,4.0,,,,,4.0,2021-03-27,2021-03-27,7,인스타피드
7 (전체),7 (인스타피드),7 - 2(인스타피드 상세),35-44,female,2021-03-27,3.0,123,123,410.66666666667,1232.0,1.0,3.0,3.0,3.0,410.66666667,410.66666667,10016.2601626,3.25203252,4.0,,,4.0,1.0,,,,3.0,2021-03-27,2021-03-27,7,인스타피드
7 (전체),7 (인스타피드),7 - 2(인스타피드 상세),45-54,male,2021-03-27,1.0,11,11,120.0,120.0,1.0,1.0,1.0,1.0,120.0,120.0,10909.09090909,9.09090909,1.0,,,1.0,,,,,1.0,2021-03-27,2021-03-27,7,인스타피드
7 (전체),7 (인스타피드),7 - 2(인스타피드 상세),25-34,male,2021-03-27,,67,67,,373.0,1.0,,,,,,5567.1641791,0.0,,,,,,,,,,2021-03-27,2021-03-27,7,인스타피드
7 (전체),7 (인스타피드),7 - 2(인스타피드 상세),35-44,male,2021-03-27,,45,45,,367.0,1.0,,,,,,8155.55555556,0.0,,,,,,,,,,2021-03-27,2021-03-27,7,인스타피드
7 (전체),7 (인스타피드),7 - 2(인스타피드 상세),45-54,female,2021-03-27,,27,27,,177.0,1.0,,,,,,6555.55555556,0.0,,,,,,,,,,2021-03-27,2021-03-27,7,인스타피드
7 (전체),7 (인스타피드),7 - 2(인스타피드 상세),45-54,unknown,2021-03-27,,1,1,,1.0,1.0,,,,,,1000.0,0.0,,,,,,,,,,2021-03-27,2021-03-27,7,인스타피드
8 - 여자 (전체),8 (인스타피드),8 - 1(인스타피드 상세),Unknown,unknown,2021-03-27,,3,3,,25.0,1.0,,,,,,8333.33333333,0.0,,,,,,,,,,2021-03-27,2021-03-27,8,인스타피드
1 (전체),1 (인스타피드),1 - 3(인스타피드 상세),13-17,female,2021-03-27,1.0,393,394,1353.0,1353.0,1.0025445292621,1.0,1.0,1.0,1353.0,1353.0,3434.01015228,0.25380711,3.0,,,3.0,1.0,1.0,,,1.0,2021-03-27,2021-03-27,1,인스타피드
7 (전체),7 (인스타스토리),7 - 2(인스타스토리 상세),35-44,male,2021-03-27,,1,1,,2.0,1.0,,,,,,2000.0,0.0,,,,,,,,,,2021-03-27,2021-03-27,7,인스타스토리
7 (전체),7 (페이스북),7 - 2(페이스북 상세),25-34,unknown,2021-03-27,,1,1,,6.0,1.0,,,,,,6000.0,0.0,,,,,,,,,,2021-03-27,2021-03-27,7,페이스북
1 (전체),1 (페이스북),1 - 2(페이스북 상세),13-17,female,2021-03-27,6.0,221,250,196.8267765373,1180.9606592238,1.131221719457,6.0,6.0,3.0,393.65355307,196.82677654,4723.8426369,3.2,6.0,,,6.0,,,,,6.0,2021-03-27,2021-03-27,1,페이스북
8 - 남자 (전체),8 (인스타피드),8 - 2(인스타피드 상세),35-44,male,2021-03-27,,12,12,,130.0,1.0,,,,,,10833.33333333,0.0,,,,,,,,,,2021-03-27,2021-03-27,8,인스타피드
8 - 남자 (전체),8 (인스타피드),8 - 2(인스타피드 상세),25-34,male,2021-03-27,4.0,259,263,586.5,2346.0,1.015444015444,4.0,4.0,2.0,1173.0,586.5,8920.15209125,1.90114068,6.0,,,6.0,1.0,1.0,,,4.0,2021-03-27,2021-03-27,8,인스타피드
2 (전체),2 (인스타피드),2 - 1(인스타피드 상세),Unknown,unknown,2021-03-27,,1,1,,3.0,1.0,,,,,,3000.0,0.0,,,,,,,,,,2021-03-27,2021-03-27,2,인스타피드
8 - 여자 (전체),8 (페이스북),8 - 1(페이스북 상세),35-44,female,2021-03-27,,3,3,,28.0,1.0,,,,,,9333.33333333,0.0,,,,,,,,,,2021-03-27,2021-03-27,8,페이스북
8 - 여자 (전체),8 (페이스북),8 - 1(페이스북 상세),25-34,female,2021-03-27,,31,31,,240.0,1.0,,,,,,7741.93548387,0.0,,,,,,,,,,2021-03-27,2021-03-27,8,페이스북
7 (전체),7 (페이스북),7 - 2(페이스북 상세),35-44,male,2021-03-27,1.0,7,8,43.0,43.0,1.1428571428571,1.0,1.0,,,43.0,5375.0,12.5,1.0,,,1.0,,,,,1.0,2021-03-27,2021-03-27,7,페이스북
7 (전체),7 (페이스북),7 - 2(페이스북 상세),45-54,female,2021-03-27,1.0,8,8,60.0,60.0,1.0,1.0,1.0,1.0,60.0,60.0,7500.0,12.5,1.0,,,1.0,,,,,1.0,2021-03-27,2021-03-27,7,페이스북
7 (전체),7 (페이스북),7 - 2(페이스북 상세),25-34,female,2021-03-27,,26,27,,166.0,1.0384615384615,,,,,,6148.14814815,0.0,,,,,,,,,,2021-03-27,2021-03-27,7,페이스북
1 (전체),1 (인스타스토리),1 - 3(인스타스토리 상세),13-17,female,2021-03-27,3.0,410,419,401.0,1203.0,1.0219512195122,3.0,3.0,3.0,401.0,401.0,2871.12171838,0.95465394,3.0,,,3.0,,,,,3.0,2021-03-27,2021-03-27,1,인스타스토리
7 (전체),7 (페이스북),7 - 2(페이스북 상세),35-44,female,2021-03-27,,14,14,,70.0,1.0,,,,,,5000.0,0.0,,,,,,,,,,2021-03-27,2021-03-27,7,페이스북
7 (전체),7 (페이스북),7 - 2(페이스북 상세),25-34,male,2021-03-27,,2,2,,13.0,1.0,,,,,,6500.0,0.0,,,,,,,,,,2021-03-27,2021-03-27,7,페이스북
8 - 여자 (전체),8 (인스타스토리),8 - 1(인스타스토리 상세),25-34,female,2021-03-27,,23,23,,106.0,1.0,,,,,,4608.69565217,0.0,,,,,,,,,,2021-03-27,2021-03-27,8,인스타스토리
1 (전체),1 (인스타피드),1 - 3(인스타피드 상세),18-24,female,2021-03-27,7.0,111,111,95.857142857143,671.0,1.0,7.0,7.0,6.0,111.83333333,95.85714286,6045.04504505,7.20720721,9.0,,,9.0,1.0,1.0,,,7.0,2021-03-27,2021-03-27,1,인스타피드
7 (전체),7 (인스타피드),7 - 1(인스타피드 상세),45-54,female,2021-03-27,5.0,73,74,172.8,864.0,1.013698630137,5.0,5.0,5.0,172.8,172.8,11675.67567568,6.75675676,5.0,,,5.0,,,,,5.0,2021-03-27,2021-03-27,7,인스타피드
7 (전체),7 (인스타피드),7 - 1(인스타피드 상세),35-44,female,2021-03-27,14.0,399,400,291.42857142857,4080.0,1.0025062656642,14.0,14.0,11.0,370.90909091,291.42857143,10200.0,4.0,16.0,,,16.0,2.0,,,,14.0,2021-03-27,2021-03-27,7,인스타피드
7 (전체),7 (인스타피드),7 - 1(인스타피드 상세),25-34,female,2021-03-27,8.0,331,331,311.5,2492.0,1.0,8.0,8.0,5.0,498.4,311.5,7528.70090634,2.41691843,8.0,,,8.0,,,,,8.0,2021-03-27,2021-03-27,7,인스타피드
7 (전체),7 (인스타피드),7 - 1(인스타피드 상세),25-34,male,2021-03-27,2.0,42,42,170.0,340.0,1.0,2.0,2.0,1.0,340.0,170.0,8095.23809524,4.76190476,2.0,,,2.0,,,,,2.0,2021-03-27,2021-03-27,7,인스타피드
7 (전체),7 (인스타피드),7 - 1(인스타피드 상세),35-44,male,2021-03-27,,76,76,,600.0,1.0,,,,,,7894.73684211,0.0,,,,,,,,,,2021-03-27,2021-03-27,7,인스타피드
7 (전체),7 (인스타피드),7 - 1(인스타피드 상세),45-54,male,2021-03-27,,26,26,,223.0,1.0,,,,,,8576.92307692,0.0,,,,,,,,,,2021-03-27,2021-03-27,7,인스타피드
7 (전체),7 (인스타피드),7 - 1(인스타피드 상세),35-44,unknown,2021-03-27,,5,5,,26.0,1.0,,,,,,5200.0,0.0,,,,,,,,,,2021-03-27,2021-03-27,7,인스타피드
7 (전체),7 (인스타피드),7 - 1(인스타피드 상세),45-54,unknown,2021-03-27,,2,2,,6.0,1.0,,,,,,3000.0,0.0,,,,,,,,,,2021-03-27,2021-03-27,7,인스타피드
7 (전체),7 (인스타피드),7 - 1(인스타피드 상세),Unknown,unknown,2021-03-27,,1,1,,3.0,1.0,,,,,,3000.0,0.0,,,,,,,,,,2021-03-27,2021-03-27,7,인스타피드
7 (전체),7 (인스타피드),7 - 1(인스타피드 상세),25-34,unknown,2021-03-27,,1,1,,3.0,1.0,,,,,,3000.0,0.0,,,,,,,,,,2021-03-27,2021-03-27,7,인스타피드
1 (전체),1 (인스타피드),1 - 3(인스타피드 상세),13-17,unknown,2021-03-27,,2,2,,9.0,1.0,,,,,,4500.0,0.0,,,,,,,,,,2021-03-27,2021-03-27,1,인스타피드
1 (전체),1 (인스타피드),1 - 3(인스타피드 상세),18-24,male,2021-03-27,,16,16,,66.0,1.0,,,,,,4125.0,0.0,,,,,,,,,,2021-03-27,2021-03-27,1,인스타피드
1 (전체),1 (인스타피드),1 - 3(인스타피드 상세),13-17,male,2021-03-27,,51,51,,128.0,1.0,,,,,,2509.80392157,0.0,,,,,,,,,,2021-03-27,2021-03-27,1,인스타피드
10 (전체),10 (페이스북),10 - 1(페이스북 상세),18-24,female,2021-03-27,23.0,780,843,217.04347826087,4992.0,1.0807692307692,22.0,23.0,16.0,312.0,217.04347826,5921.70818505,3.79596679,24.0,,1.0,24.0,,,,,22.0,2021-03-27,2021-03-27,10,페이스북
2 (전체),2 (인스타피드),2 - 1(인스타피드 상세),13-17,unknown,2021-03-27,,1,1,,1.0,1.0,,,,,,1000.0,0.0,,,,,,,,,,2021-03-27,2021-03-27,2,인스타피드
1 (전체),1 (인스타스토리),1 - 3(인스타스토리 상세),18-24,female,2021-03-27,4.0,60,60,87.0,348.0,1.0,4.0,4.0,4.0,87.0,87.0,5800.0,6.66666667,4.0,,,4.0,,,,,4.0,2021-03-27,2021-03-27,1,인스타스토리
4 (전체),4 (인스타피드),4 - 2(인스타피드 상세),Unknown,unknown,2021-03-27,,2,2,,10.0,1.0,,,,,,5000.0,0.0,,,,,,,,,,2021-03-27,2021-03-27,4,인스타피드
10 (전체),10 (인스타스토리),10 - 1(인스타스토리 상세),18-24,unknown,2021-03-27,,1,1,,1.0,1.0,,,,,,1000.0,0.0,,,,,,,,,,2021-03-27,2021-03-27,10,인스타스토리
10 (전체),10 (인스타스토리),10 - 1(인스타스토리 상세),18-24,male,2021-03-27,,1,1,,0.0,1.0,,,,,,0.0,0.0,,,,,,,,,,2021-03-27,2021-03-27,10,인스타스토리
10 (전체),10 (인스타스토리),10 - 1(인스타스토리 상세),25-34,female,2021-03-27,,1,1,,3.0,1.0,,,,,,3000.0,0.0,,,,,,,,,,2021-03-27,2021-03-27,10,인스타스토리
3 (전체),3 (인스타피드),3 - 2(인스타피드 상세),18-24,female,2021-03-27,,1,1,,1.0,1.0,,,,,,1000.0,0.0,,,,,,,,,,2021-03-27,2021-03-27,3,인스타피드
10 (전체),10 (인스타스토리),10 - 1(인스타스토리 상세),25-34,male,2021-03-27,,3,3,,14.0,1.0,,,,,,4666.66666667,0.0,,,,,,,,,,2021-03-27,2021-03-27,10,인스타스토리
10 (전체),10 (인스타스토리),10 - 1(인스타스토리 상세),18-24,female,2021-03-27,,36,36,,81.0,1.0,,,,,,2250.0,0.0,,,,,,,,,,2021-03-27,2021-03-27,10,인스타스토리
3 (전체),3 (인스타피드),3 - 1(인스타피드 상세),18-24,female,2021-03-27,26.0,1099,1107,218.15384615385,5672.0,1.007279344859,26.0,26.0,23.0,246.60869565,218.15384615,5123.75790425,2.89069557,34.0,,,34.0,2.0,6.0,,,26.0,2021-03-27,2021-03-27,3,인스타피드
3 (전체),3 (인스타피드),3 - 1(인스타피드 상세),25-34,female,2021-03-27,8.0,158,161,185.625,1485.0,1.0189873417722,7.0,8.0,7.0,212.14285714,185.625,9223.60248447,4.9689441,8.0,,,8.0,,,,,7.0,2021-03-27,2021-03-27,3,인스타피드
3 (전체),3 (인스타피드),3 - 1(인스타피드 상세),Unknown,unknown,2021-03-27,,2,2,,25.0,1.0,,,,,,12500.0,0.0,,,,,,,,,,2021-03-27,2021-03-27,3,인스타피드
3 (전체),3 (인스타피드),3 - 1(인스타피드 상세),13-17,unknown,2021-03-27,,1,1,,13.0,1.0,,,,,,13000.0,0.0,,,,,,,,,,2021-03-27,2021-03-27,3,인스타피드
4 (전체),4 (인스타피드),4 - 1(인스타피드 상세),18-24,female,2021-03-27,,1,1,,1.0,1.0,,,,,,1000.0,0.0,,,,,,,,,,2021-03-27,2021-03-27,4,인스타피드
4 (전체),4 (인스타피드),4 - 2(인스타피드 상세),18-24,female,2021-03-27,41.0,1280,1287,183.87804878049,7539.0,1.00546875,40.0,41.0,30.0,251.3,183.87804878,5857.80885781,3.57420357,52.0,,,52.0,5.0,6.0,,,40.0,2021-03-27,2021-03-27,4,인스타피드
4 (전체),4 (인스타피드),4 - 2(인스타피드 상세),25-34,female,2021-03-27,5.0,192,194,289.0,1445.0,1.0104166666667,5.0,5.0,2.0,722.5,289.0,7448.45360825,3.09278351,6.0,,,6.0,,1.0,,,5.0,2021-03-27,2021-03-27,4,인스타피드
1 (전체),1 (인스타스토리),1 - 2(인스타스토리 상세),18-24,unknown,2021-03-27,,1,1,,3.0,1.0,,,,,,3000.0,0.0,,,,,,,,,,2021-03-27,2021-03-27,1,인스타스토리
3 (전체),3 (인스타스토리),3 - 1(인스타스토리 상세),18-24,female,2021-03-27,7.0,460,464,282.42857142857,1977.0,1.0086956521739,7.0,7.0,5.0,395.4,282.42857143,4260.77586207,2.15517241,7.0,,,7.0,,,,,7.0,2021-03-27,2021-03-27,3,인스타스토리
1 (전체),1 (인스타스토리),1 - 2(인스타스토리 상세),13-17,unknown,2021-03-27,,4,4,,7.0,1.0,,,,,,1750.0,0.0,,,,,,,,,,2021-03-27,2021-03-27,1,인스타스토리
10 (전체),10 (페이스북),10 - 2(페이스북 상세),18-24,unknown,2021-03-27,,1,1,,21.0,1.0,,,,,,21000.0,0.0,,,,,,,,,,2021-03-27,2021-03-27,10,페이스북
4 (전체),4 (인스타스토리),4 - 2(인스타스토리 상세),18-24,female,2021-03-27,19.0,826,837,183.89473684211,3494.0,1.0133171912833,19.0,19.0,17.0,205.52941176,183.89473684,4174.43249701,2.7479092,20.0,,,20.0,,,1.0,,19.0,2021-03-27,2021-03-27,4,인스타스토리
4 (전체),4 (인스타스토리),4 - 2(인스타스토리 상세),25-34,female,2021-03-27,,41,42,,216.0,1.0243902439024,,,,,,5142.85714286,0.0,,,,,,,,,,2021-03-27,2021-03-27,4,인스타스토리
10 (전체),10 (페이스북),10 - 1(페이스북 상세),25-34,female,2021-03-27,7.0,118,125,127.14285714286,890.0,1.0593220338983,7.0,7.0,3.0,296.66666667,127.14285714,7120.0,8.8,7.0,,,7.0,,,,,7.0,2021-03-27,2021-03-27,10,페이스북
1 (전체),1 (인스타스토리),1 - 2(인스타스토리 상세),13-17,male,2021-03-27,,116,118,,168.0,1.0172413793103,,,,,,1423.72881356,0.0,,,,,,,,,,2021-03-27,2021-03-27,1,인스타스토리
10 (전체),10 (페이스북),10 - 2(페이스북 상세),25-34,male,2021-03-27,,27,27,,195.0,1.0,,,,,,7222.22222222,0.0,,,,,,,,,,2021-03-27,2021-03-27,10,페이스북
10 (전체),10 (페이스북),10 - 2(페이스북 상세),25-34,female,2021-03-27,1.0,47,48,339.0,339.0,1.0212765957447,1.0,1.0,1.0,339.0,339.0,7062.5,8.33333333,2.0,,,2.0,1.0,,,,1.0,2021-03-27,2021-03-27,10,페이스북
10 (전체),10 (페이스북),10 - 2(페이스북 상세),18-24,male,2021-03-27,1.0,107,113,669.0,669.0,1.0560747663551,1.0,1.0,2.0,334.5,669.0,5920.3539823,2.65486726,1.0,,,1.0,,,,,1.0,2021-03-27,2021-03-27,10,페이스북
4 (전체),4 (페이스북),4 - 2(페이스북 상세),18-24,female,2021-03-27,14.0,517,542,236.71428571429,3314.0,1.0483558994197,13.0,14.0,11.0,301.27272727,236.71428571,6114.39114391,4.05904059,14.0,,,14.0,,,,,13.0,2021-03-27,2021-03-27,4,페이스북
4 (전체),4 (페이스북),4 - 2(페이스북 상세),25-34,female,2021-03-27,4.0,139,142,269.0,1076.0,1.0215827338129,4.0,4.0,3.0,358.66666667,269.0,7577.46478873,3.52112676,4.0,,,4.0,,,,,4.0,2021-03-27,2021-03-27,4,페이스북
1 (전체),1 (인스타스토리),1 - 2(인스타스토리 상세),13-17,female,2021-03-27,18.0,2261,2331,265.5,4779.0,1.030959752322,18.0,18.0,15.0,318.6,265.5,2050.19305019,0.9009009,18.0,,,18.0,,,,,18.0,2021-03-27,2021-03-27,1,인스타스토리
1 (전체),1 (인스타스토리),1 - 2(인스타스토리 상세),18-24,female,2021-03-27,2.0,238,240,309.0,618.0,1.0084033613445,2.0,2.0,2.0,309.0,309.0,2575.0,0.83333333,2.0,,,2.0,,,,,2.0,2021-03-27,2021-03-27,1,인스타스토리
3 (전체),3 (인스타스토리),3 - 1(인스타스토리 상세),25-34,female,2021-03-27,1.0,27,27,158.0,158.0,1.0,1.0,1.0,1.0,158.0,158.0,5851.85185185,7.40740741,1.0,,,1.0,,,,,1.0,2021-03-27,2021-03-27,3,인스타스토리
1 (전체),1 (인스타스토리),1 - 1(인스타스토리 상세),13-17,unknown,2021-03-27,,1,1,,2.0,1.0,,,,,,2000.0,0.0,,,,,,,,,,2021-03-27,2021-03-27,1,인스타스토리
5 (전체),5 (인스타스토리),5 - 1(인스타스토리 상세),25-34,female,2021-03-27,2.0,97,97,315.0,630.0,1.0,2.0,2.0,2.0,315.0,315.0,6494.84536082,5.15463918,2.0,,,2.0,,,,,2.0,2021-03-27,2021-03-27,5,인스타스토리
10 (전체),10 (인스타피드),10 - 1(인스타피드 상세),18-24,male,2021-03-27,2.0,70,70,143.0,286.0,1.0,2.0,2.0,2.0,143.0,143.0,4085.71428571,2.85714286,3.0,,,3.0,1.0,,,,2.0,2021-03-27,2021-03-27,10,인스타피드
2 (전체),2 (인스타피드),2 - 1(인스타피드 상세),18-24,unknown,2021-03-27,,2,2,,6.0,1.0,,,,,,3000.0,0.0,,,,,,,,,,2021-03-27,2021-03-27,2,인스타피드
2 (전체),2 (인스타피드),2 - 1(인스타피드 상세),18-24,male,2021-03-27,2.0,112,113,278.0,556.0,1.0089285714286,2.0,2.0,2.0,278.0,278.0,4920.3539823,1.7699115,3.0,,,3.0,1.0,,,,2.0,2021-03-27,2021-03-27,2,인스타피드
2 (전체),2 (페이스북),2 - 1(페이스북 상세),18-24,male,2021-03-27,4.0,133,149,186.75,747.0,1.1203007518797,4.0,4.0,3.0,249.0,186.75,5013.42281879,4.02684564,5.0,,,5.0,,1.0,,,4.0,2021-03-27,2021-03-27,2,페이스북
2 (전체),2 (페이스북),2 - 1(페이스북 상세),18-24,female,2021-03-27,34.0,1215,1323,234.47058823529,7972.0,1.0888888888889,31.0,34.0,29.0,274.89655172,234.47058824,6025.69916856,4.4595616,36.0,,,36.0,1.0,1.0,,,31.0,2021-03-27,2021-03-27,2,페이스북
2 (전체),2 (페이스북),2 - 1(페이스북 상세),18-24,unknown,2021-03-27,,2,2,,10.0,1.0,,,,,,5000.0,0.0,,,,,,,,,,2021-03-27,2021-03-27,2,페이스북
2 (전체),2 (인스타피드),2 - 1(인스타피드 상세),18-24,female,2021-03-27,13.0,648,651,274.07692307692,3563.0,1.0046296296296,13.0,13.0,9.0,395.88888889,274.07692308,5473.11827957,2.15053763,25.0,,,25.0,8.0,4.0,,,13.0,2021-03-27,2021-03-27,2,인스타피드
1 (전체),1 (인스타스토리),1 - 1(인스타스토리 상세),13-17,female,2021-03-27,,90,92,,289.0,1.0222222222222,,,,,,3141.30434783,0.0,,,,,,,,,,2021-03-27,2021-03-27,1,인스타스토리
1 (전체),1 (인스타스토리),1 - 1(인스타스토리 상세),13-17,male,2021-03-27,,29,29,,48.0,1.0,,,,,,1655.17241379,0.0,,,,,,,,,,2021-03-27,2021-03-27,1,인스타스토리
1 (전체),1 (인스타스토리),1 - 1(인스타스토리 상세),18-24,female,2021-03-27,,18,18,,70.0,1.0,,,,,,3888.88888889,0.0,,,,,,,,,,2021-03-27,2021-03-27,1,인스타스토리
10 (전체),10 (인스타피드),10 - 1(인스타피드 상세),18-24,unknown,2021-03-27,,2,2,,8.0,1.0,,,,,,4000.0,0.0,,,,,,,,,,2021-03-27,2021-03-27,10,인스타피드
2 (전체),2 (페이스북),2 - 2(페이스북 상세),18-24,female,2021-03-27,1.0,55,62,370.0,370.0,1.1272727272727,1.0,1.0,,,370.0,5967.74193548,1.61290323,1.0,,,1.0,,,,,1.0,2021-03-27,2021-03-27,2,페이스북
2 (전체),2 (페이스북),2 - 2(페이스북 상세),18-24,male,2021-03-27,,13,15,,71.0,1.1538461538462,,,,,,4733.33333333,0.0,,,,,,,,,,2021-03-27,2021-03-27,2,페이스북
10 (전체),10 (인스타피드),10 - 1(인스타피드 상세),25-34,unknown,2021-03-27,,3,3,,16.0,1.0,,,,,,5333.33333333,0.0,,,,,,,,,,2021-03-27,2021-03-27,10,인스타피드
10 (전체),10 (인스타피드),10 - 1(인스타피드 상세),18-24,female,2021-03-27,4.0,304,305,482.25,1929.0,1.0032894736842,4.0,4.0,4.0,482.25,482.25,6324.59016393,1.63934426,5.0,,,5.0,1.0,,,,4.0,2021-03-27,2021-03-27,10,인스타피드
1 (전체),1 (인스타스토리),1 - 1(인스타스토리 상세),18-24,male,2021-03-27,1.0,3,3,8.0,8.0,1.0,1.0,1.0,1.0,8.0,8.0,2666.66666667,33.33333333,1.0,,,1.0,,,,,1.0,2021-03-27,2021-03-27,1,인스타스토리
2 (전체),2 (인스타피드),2 - 2(인스타피드 상세),18-24,female,2021-03-27,1.0,78,78,334.0,334.0,1.0,1.0,1.0,1.0,334.0,334.0,4282.05128205,2.56410256,1.0,,,1.0,,,,,1.0,2021-03-27,2021-03-27,2,인스타피드
2 (전체),2 (인스타피드),2 - 2(인스타피드 상세),18-24,male,2021-03-27,,10,10,,92.0,1.0,,,,,,9200.0,0.0,,,,,,,,,,2021-03-27,2021-03-27,2,인스타피드
2 (전체),2 (인스타피드),2 - 2(인스타피드 상세),18-24,unknown,2021-03-27,,1,1,,7.0,1.0,,,,,,7000.0,0.0,,,,,,,,,,2021-03-27,2021-03-27,2,인스타피드
10 (전체),10 (인스타피드),10 - 1(인스타피드 상세),25-34,male,2021-03-27,1.0,21,21,106.0,106.0,1.0,1.0,1.0,1.0,106.0,106.0,5047.61904762,4.76190476,1.0,,,1.0,,,,,1.0,2021-03-27,2021-03-27,10,인스타피드
10 (전체),10 (인스타피드),10 - 1(인스타피드 상세),25-34,female,2021-03-27,2.0,96,96,370.5,741.0,1.0,2.0,2.0,1.0,741.0,370.5,7718.75,2.08333333,3.0,,,3.0,1.0,,,,2.0,2021-03-27,2021-03-27,10,인스타피드
2 (전체),2 (인스타스토리),2 - 2(인스타스토리 상세),18-24,female,2021-03-27,4.0,80,80,58.5,234.0,1.0,3.0,4.0,1.0,234.0,58.5,2925.0,5.0,4.0,,,4.0,,,,,3.0,2021-03-27,2021-03-27,2,인스타스토리
2 (전체),2 (인스타스토리),2 - 2(인스타스토리 상세),18-24,male,2021-03-27,,3,3,,7.0,1.0,,,,,,2333.33333333,0.0,,,,,,,,,,2021-03-27,2021-03-27,2,인스타스토리
2 (전체),2 (인스타스토리),2 - 2(인스타스토리 상세),18-24,unknown,2021-03-27,,1,1,,0.0,1.0,,,,,,0.0,0.0,,,,,,,,,,2021-03-27,2021-03-27,2,인스타스토리
2 (전체),2 (인스타스토리),2 - 1(인스타스토리 상세),18-24,unknown,2021-03-27,,6,6,,38.0,1.0,,,,,,6333.33333333,0.0,,,,,,,,,,2021-03-27,2021-03-27,2,인스타스토리
2 (전체),2 (인스타스토리),2 - 1(인스타스토리 상세),18-24,female,2021-03-27,13.0,808,813,208.07692307692,2705.0,1.0061881188119,13.0,13.0,9.0,300.55555556,208.07692308,3327.18327183,1.72201722,13.0,,,13.0,,,,,13.0,2021-03-27,2021-03-27,2,인스타스토리
3 (전체),3 (페이스북),3 - 2(페이스북 상세),18-24,female,2021-03-27,,1,1,,1.0,1.0,,,,,,1000.0,0.0,,,,,,,,,,2021-03-27,2021-03-27,3,페이스북
3 (전체),3 (페이스북),3 - 1(페이스북 상세),18-24,female,2021-03-27,31.0,927,998,187.74193548387,5820.0,1.0765911542611,30.0,31.0,24.0,242.5,187.74193548,5831.66332665,5.31062124,34.0,,,34.0,1.0,1.0,1.0,,30.0,2021-03-27,2021-03-27,3,페이스북
3 (전체),3 (페이스북),3 - 1(페이스북 상세),25-34,female,2021-03-27,8.0,288,307,243.625,1949.0,1.0659722222222,8.0,8.0,6.0,324.83333333,243.625,6348.53420195,3.90879479,10.0,,,10.0,1.0,1.0,,,8.0,2021-03-27,2021-03-27,3,페이스북
2 (전체),2 (인스타스토리),2 - 1(인스타스토리 상세),18-24,male,2021-03-27,2.0,75,76,131.5,263.0,1.0133333333333,2.0,2.0,2.0,131.5,131.5,3460.52631579,2.63157895,2.0,,,2.0,,,,,2.0,2021-03-27,2021-03-27,2,인스타스토리
10 (전체),10 (페이스북),10 - 2(페이스북 상세),18-24,female,2021-03-27,5.0,276,290,376.0,1880.0,1.0507246376812,5.0,5.0,3.0,626.66666667,376.0,6482.75862069,2.06896552,7.0,,,7.0,1.0,1.0,,,5.0,2021-03-27,2021-03-27,10,페이스북
1 (전체),1 (인스타스토리),1 - 2(인스타스토리 상세),18-24,male,2021-03-27,,10,10,,25.0,1.0,,,,,,2500.0,0.0,,,,,,,,,,2021-03-27,2021-03-27,1,인스타스토리
5 (전체),5 (인스타스토리),5 - 1(인스타스토리 상세),18-24,female,2021-03-27,1.0,69,69,327.0,327.0,1.0,1.0,1.0,1.0,327.0,327.0,4739.13043478,1.44927536,1.0,,,1.0,,,,,1.0,2021-03-27,2021-03-27,5,인스타스토리
10 (전체),10 (페이스북),10 - 1(페이스북 상세),25-34,male,2021-03-27,,8,8,,47.0,1.0,,,,,,5875.0,0.0,,,,,,,,,,2021-03-27,2021-03-27,10,페이스북
10 (전체),10 (인스타피드),10 - 2(인스타피드 상세),18-24,female,2021-03-27,18.0,706,708,214.16666666667,3855.0,1.0028328611898,18.0,18.0,14.0,275.35714286,214.16666667,5444.91525424,2.82485876,26.0,,,26.0,4.0,4.0,,,18.0,2021-03-27,2021-03-27,10,인스타피드
10 (전체),10 (인스타피드),10 - 2(인스타피드 상세),25-34,male,2021-03-27,2.0,32,33,86.0,172.0,1.03125,2.0,2.0,2.0,86.0,86.0,5212.12121212,6.06060606,2.0,,,2.0,,,,,2.0,2021-03-27,2021-03-27,10,인스타피드
5 (전체),5 (페이스북),5 - 1(페이스북 상세),25-34,female,2021-03-27,14.0,430,449,224.48383578992,3142.7737010589,1.0441860465116,14.0,14.0,13.0,241.75182316,224.48383579,6999.49599345,4.23162584,15.0,,,15.0,1.0,,,,14.0,2021-03-27,2021-03-27,5,페이스북
5 (전체),5 (페이스북),5 - 1(페이스북 상세),18-24,female,2021-03-27,6.0,123,129,141.03472051219,846.20832307313,1.0487804878049,6.0,6.0,6.0,141.03472051,141.03472051,6559.75444243,9.30232558,7.0,,,7.0,,,1.0,,6.0,2021-03-27,2021-03-27,5,페이스북
5 (전체),5 (페이스북),5 - 1(페이스북 상세),35-44,female,2021-03-27,,15,16,,73.017975868013,1.0666666666667,,,,,,4563.62349175,0.0,,,,,,,,,,2021-03-27,2021-03-27,5,페이스북
1 (전체),1 (인스타스토리),1 - 3(인스타스토리 상세),13-17,unknown,2021-03-27,,3,3,,5.0,1.0,,,,,,1666.66666667,0.0,,,,,,,,,,2021-03-27,2021-03-27,1,인스타스토리
1 (전체),1 (인스타스토리),1 - 3(인스타스토리 상세),18-24,male,2021-03-27,,3,4,,21.0,1.3333333333333,,,,,,5250.0,0.0,,,,,,,,,,2021-03-27,2021-03-27,1,인스타스토리
10 (전체),10 (페이스북),10 - 1(페이스북 상세),18-24,unknown,2021-03-27,,2,2,,14.0,1.0,,,,,,7000.0,0.0,,,,,,,,,,2021-03-27,2021-03-27,10,페이스북
10 (전체),10 (페이스북),10 - 1(페이스북 상세),18-24,male,2021-03-27,,51,54,,352.0,1.0588235294118,,,,,,6518.51851852,1.85185185,,,,,,,,,,2021-03-27,2021-03-27,10,페이스북
5 (전체),5 (페이스북),5 - 2(페이스북 상세),18-24,female,2021-03-27,,6,7,,52.0,1.1666666666667,,,,,,7428.57142857,0.0,,,,,,,,,,2021-03-27,2021-03-27,5,페이스북
6 (전체),6 (인스타피드),6 - 1(인스타피드 상세),45-54,female,2021-03-27,1.0,7,7,37.0,37.0,1.0,1.0,1.0,1.0,37.0,37.0,5285.71428571,14.28571429,1.0,,,1.0,,,,,1.0,2021-03-27,2021-03-27,6,인스타피드
6 (전체),6 (인스타피드),6 - 1(인스타피드 상세),35-44,female,2021-03-27,6.0,112,113,186.66666666667,1120.0,1.0089285714286,6.0,6.0,4.0,280.0,186.66666667,9911.50442478,6.19469027,6.0,,,6.0,,,,,6.0,2021-03-27,2021-03-27,6,인스타피드
6 (전체),6 (인스타피드),6 - 1(인스타피드 상세),25-34,female,2021-03-27,31.0,850,854,255.1935483871,7911.0,1.0047058823529,31.0,31.0,29.0,272.79310345,255.19354839,9263.46604215,4.56674473,34.0,,,34.0,,3.0,,,31.0,2021-03-27,2021-03-27,6,인스타피드
6 (전체),6 (인스타피드),6 - 1(인스타피드 상세),25-34,male,2021-03-27,6.0,164,164,227.66666666667,1366.0,1.0,6.0,6.0,5.0,273.2,227.66666667,8329.26829268,3.65853659,8.0,,,8.0,1.0,1.0,,,6.0,2021-03-27,2021-03-27,6,인스타피드
6 (전체),6 (인스타피드),6 - 1(인스타피드 상세),35-44,male,2021-03-27,,30,30,,298.0,1.0,,,,,,9933.33333333,0.0,,,,,,,,,,2021-03-27,2021-03-27,6,인스타피드
6 (전체),6 (인스타피드),6 - 1(인스타피드 상세),25-34,unknown,2021-03-27,,3,3,,19.0,1.0,,,,,,6333.33333333,0.0,,,,,,,,,,2021-03-27,2021-03-27,6,인스타피드
6 (전체),6 (인스타피드),6 - 1(인스타피드 상세),45-54,male,2021-03-27,,2,2,,7.0,1.0,,,,,,3500.0,0.0,,,,,,,,,,2021-03-27,2021-03-27,6,인스타피드
6 (전체),6 (인스타피드),6 - 1(인스타피드 상세),35-44,unknown,2021-03-27,,2,2,,17.0,1.0,,,,,,8500.0,0.0,,,,,,,,,,2021-03-27,2021-03-27,6,인스타피드
1 (전체),1 (인스타스토리),1 - 3(인스타스토리 상세),13-17,male,2021-03-27,1.0,51,51,147.0,147.0,1.0,1.0,1.0,1.0,147.0,147.0,2882.35294118,1.96078431,1.0,,,1.0,,,,,1.0,2021-03-27,2021-03-27,1,인스타스토리
10 (전체),10 (인스타피드),10 - 2(인스타피드 상세),25-34,female,2021-03-27,6.0,160,160,141.5,849.0,1.0,6.0,6.0,5.0,169.8,141.5,5306.25,4.375,6.0,,,6.0,,,,,6.0,2021-03-27,2021-03-27,10,인스타피드
10 (전체),10 (인스타피드),10 - 2(인스타피드 상세),18-24,male,2021-03-27,3.0,79,79,125.0,375.0,1.0,3.0,3.0,3.0,125.0,125.0,4746.83544304,3.79746835,3.0,,,3.0,,,,,3.0,2021-03-27,2021-03-27,10,인스타피드
1 (전체),1 (페이스북),1 - 1(페이스북 상세),13-17,male,2021-03-27,2.0,281,307,392.47543075941,784.95086151883,1.0925266903915,2.0,2.0,1.0,784.95086152,392.47543076,2556.84319713,0.6514658,2.0,,,2.0,,,,,2.0,2021-03-27,2021-03-27,1,페이스북
5 (전체),5 (인스타피드),5 - 1(인스타피드 상세),35-44,female,2021-03-27,1.0,28,28,274.0,274.0,1.0,1.0,1.0,,,274.0,9785.71428571,3.57142857,2.0,,,2.0,,1.0,,,1.0,2021-03-27,2021-03-27,5,인스타피드
1 (전체),1 (페이스북),1 - 1(페이스북 상세),18-24,female,2021-03-27,2.0,134,140,264.34077855775,528.68155711551,1.044776119403,2.0,2.0,2.0,264.34077856,264.34077856,3776.29683654,1.42857143,2.0,,,2.0,,,,,2.0,2021-03-27,2021-03-27,1,페이스북
1 (전체),1 (페이스북),1 - 1(페이스북 상세),18-24,male,2021-03-27,1.0,63,63,143.26866624123,143.26866624123,1.0,1.0,1.0,,,143.26866624,2274.10581335,3.17460317,1.0,,,1.0,,,,,1.0,2021-03-27,2021-03-27,1,페이스북
10 (전체),10 (인스타피드),10 - 2(인스타피드 상세),13-17,unknown,2021-03-27,,1,1,,5.0,1.0,,,,,,5000.0,0.0,,,,,,,,,,2021-03-27,2021-03-27,10,인스타피드
1 (전체),1 (페이스북),1 - 1(페이스북 상세),13-17,female,2021-03-27,12.0,369,401,142.09157626037,1705.0989151244,1.0867208672087,12.0,12.0,7.0,243.5855593,142.09157626,4252.11699532,3.24189526,12.0,,,12.0,,,,,12.0,2021-03-27,2021-03-27,1,페이스북
5 (전체),5 (인스타피드),5 - 1(인스타피드 상세),Unknown,unknown,2021-03-27,,4,4,,58.0,1.0,,,,,,14500.0,0.0,,,,,,,,,,2021-03-27,2021-03-27,5,인스타피드
5 (전체),5 (인스타피드),5 - 1(인스타피드 상세),13-17,unknown,2021-03-27,,1,1,,5.0,1.0,,,,,,5000.0,0.0,,,,,,,,,,2021-03-27,2021-03-27,5,인스타피드
5 (전체),5 (인스타피드),5 - 1(인스타피드 상세),18-24,female,2021-03-27,13.0,335,338,214.69230769231,2791.0,1.0089552238806,13.0,13.0,11.0,253.72727273,214.69230769,8257.3964497,4.43786982,15.0,,,15.0,,2.0,,,13.0,2021-03-27,2021-03-27,5,인스타피드
10 (전체),10 (인스타피드),10 - 2(인스타피드 상세),25-34,unknown,2021-03-27,,1,1,,4.0,1.0,,,,,,4000.0,0.0,,,,,,,,,,2021-03-27,2021-03-27,10,인스타피드
5 (전체),5 (인스타피드),5 - 1(인스타피드 상세),25-34,female,2021-03-27,41.0,909,917,214.39024390244,8790.0,1.008800880088,39.0,41.0,35.0,251.14285714,214.3902439,9585.60523446,4.79825518,43.0,,,43.0,,2.0,,,39.0,2021-03-27,2021-03-27,5,인스타피드
10 (전체),10 (인스타피드),10 - 2(인스타피드 상세),18-24,unknown,2021-03-27,,2,2,,22.0,1.0,,,,,,11000.0,0.0,,,,,,,,,,2021-03-27,2021-03-27,10,인스타피드
7 (전체),7 (인스타스토리),7 - 1(인스타스토리 상세),35-44,female,2021-03-26,,3,3,,17.0,1.0,,,,,,5666.66666667,0.0,,,,,,,,,,2021-03-26,2021-03-26,7,인스타스토리
8 - 남자 (전체),8 (인스타피드),8 - 2(인스타피드 상세),25-34,male,2021-03-26,2.0,61,61,315.5,631.0,1.0,2.0,2.0,2.0,315.5,315.5,10344.26229508,3.27868852,4.0,,,4.0,2.0,,,,2.0,2021-03-26,2021-03-26,8,인스타피드
1 (전체),1 (인스타피드),1 - 1(인스타피드 상세),18-24,female,2021-03-26,4.0,62,63,152.25,609.0,1.0161290322581,4.0,4.0,4.0,152.25,152.25,9666.66666667,6.34920635,4.0,,,4.0,,,,,4.0,2021-03-26,2021-03-26,1,인스타피드
10 (전체),10 (인스타스토리),10 - 2(인스타스토리 상세),25-34,unknown,2021-03-26,,1,1,,4.0,1.0,,,,,,4000.0,0.0,,,,,,,,,,2021-03-26,2021-03-26,10,인스타스토리
8 - 남자 (전체),8 (인스타피드),8 - 2(인스타피드 상세),35-44,male,2021-03-26,,3,3,,49.0,1.0,,,,,,16333.33333333,0.0,,,,,,,,,,2021-03-26,2021-03-26,8,인스타피드
10 (전체),10 (인스타스토리),10 - 2(인스타스토리 상세),25-34,male,2021-03-26,,3,3,,41.0,1.0,,,,,,13666.66666667,0.0,,,,,,,,,,2021-03-26,2021-03-26,10,인스타스토리
1 (전체),1 (페이스북),1 - 1(페이스북 상세),18-24,male,2021-03-26,,4,5,,30.0,1.25,,,,,,6000.0,0.0,,,,,,,,,,2021-03-26,2021-03-26,1,페이스북
1 (전체),1 (인스타피드),1 - 2(인스타피드 상세),13-17,unknown,2021-03-26,,1,1,,4.0,1.0,,,,,,4000.0,0.0,,,,,,,,,,2021-03-26,2021-03-26,1,인스타피드
1 (전체),1 (페이스북),1 - 1(페이스북 상세),18-24,female,2021-03-26,,10,11,,108.0,1.1,,,,,,9818.18181818,0.0,,,,,,,,,,2021-03-26,2021-03-26,1,페이스북
7 (전체),7 (인스타스토리),7 - 1(인스타스토리 상세),25-34,female,2021-03-26,1.0,4,4,47.0,47.0,1.0,1.0,1.0,1.0,47.0,47.0,11750.0,25.0,1.0,,,1.0,,,,,1.0,2021-03-26,2021-03-26,7,인스타스토리
8 - 남자 (전체),8 (인스타스토리),8 - 2(인스타스토리 상세),25-34,male,2021-03-26,,4,4,,19.0,1.0,,,,,,4750.0,0.0,,,,,,,,,,2021-03-26,2021-03-26,8,인스타스토리
10 (전체),10 (페이스북),10 - 2(페이스북 상세),18-24,male,2021-03-26,5.0,76,80,115.2,576.0,1.0526315789474,4.0,5.0,2.0,288.0,115.2,7200.0,7.5,5.0,,,5.0,,,,,4.0,2021-03-26,2021-03-26,10,페이스북
10 (전체),10 (인스타스토리),10 - 2(인스타스토리 상세),25-34,female,2021-03-26,,9,9,,31.0,1.0,,,,,,3444.44444444,0.0,,,,,,,,,,2021-03-26,2021-03-26,10,인스타스토리
10 (전체),10 (페이스북),10 - 2(페이스북 상세),18-24,female,2021-03-26,6.0,256,280,333.83333333333,2003.0,1.09375,6.0,6.0,5.0,400.6,333.83333333,7153.57142857,4.64285714,9.0,,,9.0,1.0,1.0,1.0,,6.0,2021-03-26,2021-03-26,10,페이스북
1 (전체),1 (인스타피드),1 - 1(인스타피드 상세),13-17,unknown,2021-03-26,,1,1,,10.0,1.0,,,,,,10000.0,0.0,,,,,,,,,,2021-03-26,2021-03-26,1,인스타피드
1 (전체),1 (인스타피드),1 - 1(인스타피드 상세),18-24,unknown,2021-03-26,,1,1,,3.0,1.0,,,,,,3000.0,0.0,,,,,,,,,,2021-03-26,2021-03-26,1,인스타피드
1 (전체),1 (인스타피드),1 - 1(인스타피드 상세),18-24,male,2021-03-26,,12,12,,84.0,1.0,,,,,,7000.0,0.0,,,,,,,,,,2021-03-26,2021-03-26,1,인스타피드
1 (전체),1 (인스타피드),1 - 1(인스타피드 상세),13-17,male,2021-03-26,,20,21,,66.0,1.05,,,,,,3142.85714286,4.76190476,,,,,,,,,,2021-03-26,2021-03-26,1,인스타피드
10 (전체),10 (페이스북),10 - 1(페이스북 상세),18-24,female,2021-03-26,4.0,58,59,136.0,544.0,1.0172413793103,4.0,4.0,1.0,544.0,136.0,9220.33898305,13.55932203,6.0,,1.0,6.0,,,1.0,,4.0,2021-03-26,2021-03-26,10,페이스북
10 (전체),10 (페이스북),10 - 1(페이스북 상세),25-34,female,2021-03-26,1.0,20,20,238.0,238.0,1.0,1.0,1.0,,,238.0,11900.0,5.0,1.0,,,1.0,,,,,1.0,2021-03-26,2021-03-26,10,페이스북
10 (전체),10 (페이스북),10 - 2(페이스북 상세),25-34,female,2021-03-26,,50,51,,414.0,1.02,,,,,,8117.64705882,0.0,,,,,,,,,,2021-03-26,2021-03-26,10,페이스북
1 (전체),1 (인스타스토리),1 - 1(인스타스토리 상세),18-24,male,2021-03-26,,2,2,,5.0,1.0,,,,,,2500.0,0.0,,,,,,,,,,2021-03-26,2021-03-26,1,인스타스토리
1 (전체),1 (인스타스토리),1 - 1(인스타스토리 상세),13-17,male,2021-03-26,,28,28,,93.0,1.0,,,,,,3321.42857143,0.0,,,,,,,,,,2021-03-26,2021-03-26,1,인스타스토리
10 (전체),10 (페이스북),10 - 1(페이스북 상세),25-34,male,2021-03-26,,4,4,,17.0,1.0,,,,,,4250.0,0.0,,,,,,,,,,2021-03-26,2021-03-26,10,페이스북
10 (전체),10 (페이스북),10 - 2(페이스북 상세),18-24,unknown,2021-03-26,,1,1,,32.0,1.0,,,,,,32000.0,0.0,,,,,,,,,,2021-03-26,2021-03-26,10,페이스북
10 (전체),10 (인스타스토리),10 - 2(인스타스토리 상세),18-24,male,2021-03-26,,7,7,,66.0,1.0,,,,,,9428.57142857,0.0,,,,,,,,,,2021-03-26,2021-03-26,10,인스타스토리
1 (전체),1 (인스타피드),1 - 2(인스타피드 상세),18-24,male,2021-03-26,,18,18,,91.0,1.0,,,,,,5055.55555556,0.0,,,,,,,,,,2021-03-26,2021-03-26,1,인스타피드
1 (전체),1 (인스타피드),1 - 1(인스타피드 상세),13-17,female,2021-03-26,2.0,112,115,324.0,648.0,1.0267857142857,2.0,2.0,2.0,324.0,324.0,5634.7826087,1.73913043,3.0,,,3.0,,1.0,,,2.0,2021-03-26,2021-03-26,1,인스타피드
10 (전체),10 (페이스북),10 - 2(페이스북 상세),25-34,male,2021-03-26,,26,27,,181.0,1.0384615384615,,,,,,6703.7037037,0.0,,,,,,,,,,2021-03-26,2021-03-26,10,페이스북
10 (전체),10 (인스타스토리),10 - 1(인스타스토리 상세),18-24,female,2021-03-26,,40,40,,187.0,1.0,,,,,,4675.0,0.0,,,,,,,,,,2021-03-26,2021-03-26,10,인스타스토리
10 (전체),10 (인스타스토리),10 - 1(인스타스토리 상세),18-24,male,2021-03-26,,12,12,,53.0,1.0,,,,,,4416.66666667,0.0,,,,,,,,,,2021-03-26,2021-03-26,10,인스타스토리
8 - 여자 (전체),8 (페이스북),8 - 1(페이스북 상세),35-44,female,2021-03-26,,2,2,,23.0,1.0,,,,,,11500.0,0.0,,,,,,,,,,2021-03-26,2021-03-26,8,페이스북
8 - 여자 (전체),8 (페이스북),8 - 1(페이스북 상세),25-34,female,2021-03-26,3.0,83,86,370.33333333333,1111.0,1.0361445783133,2.0,3.0,2.0,555.5,370.33333333,12918.60465116,4.65116279,4.0,,,4.0,,,1.0,,2.0,2021-03-26,2021-03-26,8,페이스북
8 - 남자 (전체),8 (페이스북),8 - 2(페이스북 상세),25-34,male,2021-03-26,5.0,1029,1058,853.6,4268.0,1.0281827016521,5.0,5.0,3.0,1422.66666667,853.6,4034.02646503,0.75614367,5.0,,,5.0,,,,,5.0,2021-03-26,2021-03-26,8,페이스북
8 - 여자 (전체),8 (인스타스토리),8 - 1(인스타스토리 상세),25-34,female,2021-03-26,,16,17,,169.0,1.0625,,,,,,9941.17647059,0.0,,,,,,,,,,2021-03-26,2021-03-26,8,인스타스토리
1 (전체),1 (인스타피드),1 - 2(인스타피드 상세),13-17,female,2021-03-26,5.0,403,407,504.0,2520.0,1.0099255583127,5.0,5.0,5.0,504.0,504.0,6191.64619165,1.47420147,14.0,,,14.0,3.0,6.0,,,5.0,2021-03-26,2021-03-26,1,인스타피드
1 (전체),1 (인스타피드),1 - 2(인스타피드 상세),18-24,female,2021-03-26,2.0,95,95,373.0,746.0,1.0,2.0,2.0,2.0,373.0,373.0,7852.63157895,2.10526316,2.0,,,2.0,,,,,2.0,2021-03-26,2021-03-26,1,인스타피드
1 (전체),1 (인스타피드),1 - 2(인스타피드 상세),13-17,male,2021-03-26,1.0,56,56,242.0,242.0,1.0,1.0,1.0,1.0,242.0,242.0,4321.42857143,1.78571429,1.0,,,1.0,,,,,1.0,2021-03-26,2021-03-26,1,인스타피드
8 - 남자 (전체),8 (페이스북),8 - 2(페이스북 상세),35-44,male,2021-03-26,,45,47,,262.0,1.0444444444444,,,,,,5574.46808511,0.0,,,,,,,,,,2021-03-26,2021-03-26,8,페이스북
10 (전체),10 (인스타스토리),10 - 1(인스타스토리 상세),25-34,female,2021-03-26,,2,2,,22.0,1.0,,,,,,11000.0,0.0,,,,,,,,,,2021-03-26,2021-03-26,10,인스타스토리
1 (전체),1 (페이스북),1 - 1(페이스북 상세),13-17,male,2021-03-26,,80,89,,163.0,1.1125,,,,,,1831.46067416,0.0,,,,,,,,,,2021-03-26,2021-03-26,1,페이스북
10 (전체),10 (인스타스토리),10 - 2(인스타스토리 상세),18-24,female,2021-03-26,2.0,186,187,449.0,898.0,1.005376344086,2.0,2.0,2.0,449.0,449.0,4802.13903743,1.60427807,2.0,,,2.0,,,,,2.0,2021-03-26,2021-03-26,10,인스타스토리
10 (전체),10 (인스타피드),10 - 2(인스타피드 상세),Unknown,unknown,2021-03-26,,1,1,,8.0,1.0,,,,,,8000.0,0.0,,,,,,,,,,2021-03-26,2021-03-26,10,인스타피드
10 (전체),10 (인스타피드),10 - 1(인스타피드 상세),25-34,male,2021-03-26,,1,1,,3.0,1.0,,,,,,3000.0,0.0,,,,,,,,,,2021-03-26,2021-03-26,10,인스타피드
10 (전체),10 (인스타피드),10 - 2(인스타피드 상세),18-24,unknown,2021-03-26,,2,2,,11.0,1.0,,,,,,5500.0,0.0,,,,,,,,,,2021-03-26,2021-03-26,10,인스타피드
10 (전체),10 (인스타피드),10 - 1(인스타피드 상세),18-24,female,2021-03-26,5.0,181,182,379.0,1895.0,1.0055248618785,5.0,5.0,5.0,379.0,379.0,10412.08791209,2.74725275,8.0,,,8.0,3.0,,,,5.0,2021-03-26,2021-03-26,10,인스타피드
10 (전체),10 (인스타피드),10 - 2(인스타피드 상세),25-34,male,2021-03-26,1.0,9,9,47.0,47.0,1.0,1.0,1.0,1.0,47.0,47.0,5222.22222222,11.11111111,1.0,,,1.0,,,,,1.0,2021-03-26,2021-03-26,10,인스타피드
10 (전체),10 (인스타피드),10 - 2(인스타피드 상세),25-34,female,2021-03-26,1.0,70,71,703.0,703.0,1.0142857142857,1.0,1.0,1.0,703.0,703.0,9901.4084507,1.4084507,1.0,,,1.0,,,,,1.0,2021-03-26,2021-03-26,10,인스타피드
10 (전체),10 (인스타피드),10 - 2(인스타피드 상세),18-24,female,2021-03-26,8.0,300,302,307.875,2463.0,1.0066666666667,8.0,8.0,7.0,351.85714286,307.875,8155.62913907,2.64900662,12.0,,,12.0,1.0,3.0,,,8.0,2021-03-26,2021-03-26,10,인스타피드
10 (전체),10 (인스타피드),10 - 1(인스타피드 상세),18-24,male,2021-03-26,1.0,19,19,154.0,154.0,1.0,1.0,1.0,1.0,154.0,154.0,8105.26315789,10.52631579,1.0,,,1.0,,,,,1.0,2021-03-26,2021-03-26,10,인스타피드
10 (전체),10 (인스타피드),10 - 1(인스타피드 상세),25-34,female,2021-03-26,,39,39,,425.0,1.0,,,,,,10897.43589744,0.0,,,,,,,,,,2021-03-26,2021-03-26,10,인스타피드
8 - 여자 (전체),8 (인스타피드),8 - 1(인스타피드 상세),Unknown,unknown,2021-03-26,,1,1,,1.0,1.0,,,,,,1000.0,0.0,,,,,,,,,,2021-03-26,2021-03-26,8,인스타피드
8 - 여자 (전체),8 (인스타피드),8 - 1(인스타피드 상세),25-34,female,2021-03-26,11.0,336,336,368.18181818182,4050.0,1.0,11.0,11.0,7.0,578.57142857,368.18181818,12053.57142857,3.86904762,13.0,,,13.0,,2.0,,,11.0,2021-03-26,2021-03-26,8,인스타피드
8 - 여자 (전체),8 (인스타피드),8 - 1(인스타피드 상세),35-44,female,2021-03-26,1.0,7,7,56.0,56.0,1.0,1.0,1.0,1.0,56.0,56.0,8000.0,14.28571429,1.0,,,1.0,,,,,1.0,2021-03-26,2021-03-26,8,인스타피드
1 (전체),1 (페이스북),1 - 1(페이스북 상세),13-17,female,2021-03-26,2.0,103,114,332.0,664.0,1.1067961165049,2.0,2.0,2.0,332.0,332.0,5824.56140351,3.50877193,2.0,,,2.0,,,,,2.0,2021-03-26,2021-03-26,1,페이스북
10 (전체),10 (인스타피드),10 - 2(인스타피드 상세),18-24,male,2021-03-26,1.0,27,27,129.0,129.0,1.0,1.0,1.0,1.0,129.0,129.0,4777.77777778,3.7037037,1.0,,,1.0,,,,,1.0,2021-03-26,2021-03-26,10,인스타피드
10 (전체),10 (인스타피드),10 - 1(인스타피드 상세),18-24,unknown,2021-03-26,,3,3,,58.0,1.0,,,,,,19333.33333333,0.0,,,,,,,,,,2021-03-26,2021-03-26,10,인스타피드
10 (전체),10 (페이스북),10 - 1(페이스북 상세),18-24,male,2021-03-26,,10,10,,84.0,1.0,,,,,,8400.0,0.0,,,,,,,,,,2021-03-26,2021-03-26,10,페이스북
7 (전체),7 (페이스북),7 - 2(페이스북 상세),25-34,female,2021-03-26,1.0,27,27,319.0,319.0,1.0,1.0,1.0,1.0,319.0,319.0,11814.81481481,7.40740741,1.0,,,1.0,,,,,1.0,2021-03-26,2021-03-26,7,페이스북
7 (전체),7 (인스타피드),7 - 2(인스타피드 상세),45-54,male,2021-03-26,,3,3,,40.0,1.0,,,,,,13333.33333333,0.0,,,,,,,,,,2021-03-26,2021-03-26,7,인스타피드
5 (전체),5 (인스타피드),5 - 2(인스타피드 상세),35-44,female,2021-03-26,,1,1,,62.0,1.0,,,,,,62000.0,0.0,,,,,,,,,,2021-03-26,2021-03-26,5,인스타피드
4 (전체),4 (페이스북),4 - 2(페이스북 상세),25-34,female,2021-03-26,,16,17,,147.0,1.0625,,,,,,8647.05882353,5.88235294,,,,,,,,,,2021-03-26,2021-03-26,4,페이스북
5 (전체),5 (인스타스토리),5 - 1(인스타스토리 상세),25-34,female,2021-03-26,1.0,37,38,335.0,335.0,1.027027027027,1.0,1.0,1.0,335.0,335.0,8815.78947368,2.63157895,1.0,,,1.0,,,,,1.0,2021-03-26,2021-03-26,5,인스타스토리
5 (전체),5 (인스타스토리),5 - 1(인스타스토리 상세),18-24,female,2021-03-26,,19,19,,173.0,1.0,,,,,,9105.26315789,0.0,,,,,,,,,,2021-03-26,2021-03-26,5,인스타스토리
1 (전체),1 (인스타스토리),1 - 2(인스타스토리 상세),18-24,male,2021-03-26,,6,6,,19.0,1.0,,,,,,3166.66666667,0.0,,,,,,,,,,2021-03-26,2021-03-26,1,인스타스토리
1 (전체),1 (인스타스토리),1 - 2(인스타스토리 상세),13-17,unknown,2021-03-26,,7,7,,15.0,1.0,,,,,,2142.85714286,0.0,,,,,,,,,,2021-03-26,2021-03-26,1,인스타스토리
1 (전체),1 (인스타스토리),1 - 2(인스타스토리 상세),13-17,male,2021-03-26,,72,73,,173.0,1.0138888888889,,,,,,2369.8630137,0.0,,,,,,,,,,2021-03-26,2021-03-26,1,인스타스토리
5 (전체),5 (인스타피드),5 - 1(인스타피드 상세),35-44,female,2021-03-26,2.0,16,16,127.5,255.0,1.0,2.0,2.0,1.0,255.0,127.5,15937.5,12.5,2.0,,,2.0,,,,,2.0,2021-03-26,2021-03-26,5,인스타피드
5 (전체),5 (인스타피드),5 - 1(인스타피드 상세),25-34,female,2021-03-26,25.0,581,585,309.76,7744.0,1.0068846815835,24.0,25.0,21.0,368.76190476,309.76,13237.60683761,4.61538462,34.0,,,34.0,2.0,5.0,2.0,,24.0,2021-03-26,2021-03-26,5,인스타피드
5 (전체),5 (인스타피드),5 - 1(인스타피드 상세),18-24,female,2021-03-26,6.0,203,204,355.83333333333,2135.0,1.0049261083744,6.0,6.0,6.0,355.83333333,355.83333333,10465.68627451,3.43137255,8.0,,,8.0,2.0,,,,6.0,2021-03-26,2021-03-26,5,인스타피드
5 (전체),5 (인스타피드),5 - 1(인스타피드 상세),Unknown,unknown,2021-03-26,,2,2,,16.0,1.0,,,,,,8000.0,0.0,,,,,,,,,,2021-03-26,2021-03-26,5,인스타피드
1 (전체),1 (인스타스토리),1 - 2(인스타스토리 상세),18-24,female,2021-03-26,2.0,90,90,182.0,364.0,1.0,2.0,2.0,2.0,182.0,182.0,4044.44444444,2.22222222,2.0,,,2.0,,,,,2.0,2021-03-26,2021-03-26,1,인스타스토리
1 (전체),1 (인스타스토리),1 - 2(인스타스토리 상세),13-17,female,2021-03-26,12.0,1045,1073,288.5,3462.0,1.0267942583732,12.0,12.0,11.0,314.72727273,288.5,3226.46784716,1.39794967,12.0,,,12.0,,,,,12.0,2021-03-26,2021-03-26,1,인스타스토리
5 (전체),5 (인스타피드),5 - 2(인스타피드 상세),25-34,female,2021-03-26,,4,4,,97.0,1.0,,,,,,24250.0,0.0,,,,,,,,,,2021-03-26,2021-03-26,5,인스타피드
5 (전체),5 (인스타피드),5 - 2(인스타피드 상세),18-24,female,2021-03-26,,3,3,,24.0,1.0,,,,,,8000.0,0.0,,,,,,,,,,2021-03-26,2021-03-26,5,인스타피드
5 (전체),5 (페이스북),5 - 2(페이스북 상세),25-34,female,2021-03-26,,2,2,,21.0,1.0,,,,,,10500.0,0.0,,,,,,,,,,2021-03-26,2021-03-26,5,페이스북
4 (전체),4 (인스타스토리),4 - 1(인스타스토리 상세),18-24,female,2021-03-26,,2,2,,24.0,1.0,,,,,,12000.0,0.0,,,,,,,,,,2021-03-26,2021-03-26,4,인스타스토리
6 (전체),6 (인스타스토리),6 - 1(인스타스토리 상세),25-34,male,2021-03-26,,1,1,,5.0,1.0,,,,,,5000.0,0.0,,,,,,,,,,2021-03-26,2021-03-26,6,인스타스토리
6 (전체),6 (인스타피드),6 - 1(인스타피드 상세),25-34,unknown,2021-03-26,,4,4,,58.0,1.0,,,,,,14500.0,0.0,,,,,,,,,,2021-03-26,2021-03-26,6,인스타피드
6 (전체),6 (인스타피드),6 - 1(인스타피드 상세),45-54,female,2021-03-26,,4,4,,160.0,1.0,,,,,,40000.0,0.0,,,,,,,,,,2021-03-26,2021-03-26,6,인스타피드
6 (전체),6 (인스타피드),6 - 1(인스타피드 상세),35-44,male,2021-03-26,,10,10,,105.0,1.0,,,,,,10500.0,0.0,,,,,,,,,,2021-03-26,2021-03-26,6,인스타피드
6 (전체),6 (인스타피드),6 - 1(인스타피드 상세),35-44,female,2021-03-26,2.0,68,68,464.5,929.0,1.0,2.0,2.0,1.0,929.0,464.5,13661.76470588,2.94117647,2.0,,,2.0,,,,,2.0,2021-03-26,2021-03-26,6,인스타피드
6 (전체),6 (인스타피드),6 - 1(인스타피드 상세),25-34,female,2021-03-26,19.0,403,405,280.31578947368,5326.0,1.0049627791563,19.0,19.0,16.0,332.875,280.31578947,13150.61728395,4.9382716,25.0,,,25.0,1.0,5.0,,,19.0,2021-03-26,2021-03-26,6,인스타피드
6 (전체),6 (인스타피드),6 - 1(인스타피드 상세),25-34,male,2021-03-26,7.0,75,75,140.71428571429,985.0,1.0,7.0,7.0,6.0,164.16666667,140.71428571,13133.33333333,10.66666667,7.0,,,7.0,,,,,7.0,2021-03-26,2021-03-26,6,인스타피드
6 (전체),6 (인스타스토리),6 - 1(인스타스토리 상세),25-34,female,2021-03-26,,4,4,,34.0,1.0,,,,,,8500.0,0.0,,,,,,,,,,2021-03-26,2021-03-26,6,인스타스토리
5 (전체),5 (페이스북),5 - 2(페이스북 상세),35-44,female,2021-03-26,,1,1,,3.0,1.0,,,,,,3000.0,0.0,,,,,,,,,,2021-03-26,2021-03-26,5,페이스북
6 (전체),6 (인스타스토리),6 - 2(인스타스토리 상세),25-34,unknown,2021-03-26,,1,1,,2.0,1.0,,,,,,2000.0,0.0,,,,,,,,,,2021-03-26,2021-03-26,6,인스타스토리
6 (전체),6 (인스타스토리),6 - 2(인스타스토리 상세),25-34,male,2021-03-26,,2,2,,25.0,1.0,,,,,,12500.0,0.0,,,,,,,,,,2021-03-26,2021-03-26,6,인스타스토리
6 (전체),6 (인스타스토리),6 - 2(인스타스토리 상세),25-34,female,2021-03-26,,3,3,,13.0,1.0,,,,,,4333.33333333,0.0,,,,,,,,,,2021-03-26,2021-03-26,6,인스타스토리
5 (전체),5 (페이스북),5 - 1(페이스북 상세),35-44,female,2021-03-26,,9,10,,60.0,1.1111111111111,,,,,,6000.0,0.0,,,,,,,,,,2021-03-26,2021-03-26,5,페이스북
5 (전체),5 (페이스북),5 - 1(페이스북 상세),18-24,female,2021-03-26,,28,34,,421.0,1.2142857142857,,,,,,12382.35294118,0.0,,,,,,,,,,2021-03-26,2021-03-26,5,페이스북
5 (전체),5 (페이스북),5 - 1(페이스북 상세),25-34,female,2021-03-26,5.0,146,152,406.0,2030.0,1.041095890411,5.0,5.0,4.0,507.5,406.0,13355.26315789,4.60526316,7.0,,,7.0,,1.0,1.0,,5.0,2021-03-26,2021-03-26,5,페이스북
4 (전체),4 (페이스북),4 - 2(페이스북 상세),18-24,female,2021-03-26,5.0,90,90,152.8,764.0,1.0,5.0,5.0,3.0,254.66666667,152.8,8488.88888889,6.66666667,6.0,,,6.0,,,1.0,,5.0,2021-03-26,2021-03-26,4,페이스북
4 (전체),4 (인스타스토리),4 - 2(인스타스토리 상세),25-34,female,2021-03-26,,33,33,,281.0,1.0,,,,,,8515.15151515,0.0,,,,,,,,,,2021-03-26,2021-03-26,4,인스타스토리
6 (전체),6 (인스타피드),6 - 1(인스타피드 상세),45-54,male,2021-03-26,,2,2,,9.0,1.0,,,,,,4500.0,0.0,,,,,,,,,,2021-03-26,2021-03-26,6,인스타피드
3 (전체),3 (페이스북),3 - 1(페이스북 상세),25-34,female,2021-03-26,2.0,92,95,432.5,865.0,1.0326086956522,2.0,2.0,2.0,432.5,432.5,9105.26315789,2.10526316,2.0,,,2.0,,,,,2.0,2021-03-26,2021-03-26,3,페이스북
2 (전체),2 (페이스북),2 - 1(페이스북 상세),18-24,female,2021-03-26,16.0,567,631,282.4375,4519.0,1.1128747795414,15.0,16.0,14.0,322.78571429,282.4375,7161.6481775,4.91283677,19.0,,,19.0,1.0,1.0,1.0,,15.0,2021-03-26,2021-03-26,2,페이스북
2 (전체),2 (페이스북),2 - 1(페이스북 상세),18-24,male,2021-03-26,1.0,172,184,816.0,816.0,1.0697674418605,1.0,1.0,,,816.0,4434.7826087,1.08695652,1.0,,,1.0,,,,,1.0,2021-03-26,2021-03-26,2,페이스북
2 (전체),2 (인스타피드),2 - 1(인스타피드 상세),18-24,unknown,2021-03-26,,1,1,,12.0,1.0,,,,,,12000.0,0.0,,,,,,,,,,2021-03-26,2021-03-26,2,인스타피드
2 (전체),2 (인스타피드),2 - 1(인스타피드 상세),18-24,male,2021-03-26,2.0,31,31,67.5,135.0,1.0,2.0,2.0,2.0,67.5,67.5,4354.83870968,6.4516129,3.0,,,3.0,,1.0,,,2.0,2021-03-26,2021-03-26,2,인스타피드
2 (전체),2 (페이스북),2 - 2(페이스북 상세),18-24,female,2021-03-26,1.0,13,13,113.0,113.0,1.0,1.0,1.0,1.0,113.0,113.0,8692.30769231,15.38461538,1.0,,,1.0,,,,,1.0,2021-03-26,2021-03-26,2,페이스북
2 (전체),2 (페이스북),2 - 2(페이스북 상세),18-24,male,2021-03-26,,6,6,,26.0,1.0,,,,,,4333.33333333,0.0,,,,,,,,,,2021-03-26,2021-03-26,2,페이스북
2 (전체),2 (인스타피드),2 - 1(인스타피드 상세),18-24,female,2021-03-26,6.0,414,418,504.5,3027.0,1.0096618357488,6.0,6.0,6.0,504.5,504.5,7241.62679426,1.67464115,13.0,,,13.0,2.0,5.0,,,6.0,2021-03-26,2021-03-26,2,인스타피드
2 (전체),2 (인스타피드),2 - 2(인스타피드 상세),18-24,female,2021-03-26,2.0,70,70,411.0,822.0,1.0,2.0,2.0,2.0,411.0,411.0,11742.85714286,2.85714286,4.0,,,4.0,1.0,1.0,,,2.0,2021-03-26,2021-03-26,2,인스타피드
2 (전체),2 (인스타피드),2 - 2(인스타피드 상세),18-24,male,2021-03-26,1.0,11,11,112.0,112.0,1.0,1.0,1.0,1.0,112.0,112.0,10181.81818182,9.09090909,1.0,,,1.0,,,,,1.0,2021-03-26,2021-03-26,2,인스타피드
2 (전체),2 (인스타스토리),2 - 2(인스타스토리 상세),18-24,female,2021-03-26,1.0,82,82,540.0,540.0,1.0,1.0,1.0,1.0,540.0,540.0,6585.36585366,1.2195122,1.0,,,1.0,,,,,1.0,2021-03-26,2021-03-26,2,인스타스토리
2 (전체),2 (인스타스토리),2 - 2(인스타스토리 상세),18-24,male,2021-03-26,,5,5,,43.0,1.0,,,,,,8600.0,0.0,,,,,,,,,,2021-03-26,2021-03-26,2,인스타스토리
3 (전체),3 (페이스북),3 - 2(페이스북 상세),18-24,female,2021-03-26,,5,5,,9.0,1.0,,,,,,1800.0,0.0,,,,,,,,,,2021-03-26,2021-03-26,3,페이스북
3 (전체),3 (페이스북),3 - 2(페이스북 상세),25-34,female,2021-03-26,,1,1,,3.0,1.0,,,,,,3000.0,0.0,,,,,,,,,,2021-03-26,2021-03-26,3,페이스북
3 (전체),3 (페이스북),3 - 1(페이스북 상세),18-24,female,2021-03-26,4.0,190,208,434.0,1736.0,1.0947368421053,4.0,4.0,4.0,434.0,434.0,8346.15384615,3.84615385,4.0,,,4.0,,,,,4.0,2021-03-26,2021-03-26,3,페이스북
2 (전체),2 (인스타스토리),2 - 1(인스타스토리 상세),18-24,unknown,2021-03-26,,5,5,,29.0,1.0,,,,,,5800.0,0.0,,,,,,,,,,2021-03-26,2021-03-26,2,인스타스토리
4 (전체),4 (인스타스토리),4 - 2(인스타스토리 상세),18-24,female,2021-03-26,11.0,521,529,258.0,2838.0,1.0153550863724,11.0,11.0,9.0,315.33333333,258.0,5364.83931947,2.268431,11.0,,,11.0,,,,,11.0,2021-03-26,2021-03-26,4,인스타스토리
3 (전체),3 (인스타피드),3 - 1(인스타피드 상세),Unknown,unknown,2021-03-26,,1,1,,21.0,1.0,,,,,,21000.0,0.0,,,,,,,,,,2021-03-26,2021-03-26,3,인스타피드
4 (전체),4 (인스타피드),4 - 2(인스타피드 상세),Unknown,unknown,2021-03-26,,2,2,,13.0,1.0,,,,,,6500.0,0.0,,,,,,,,,,2021-03-26,2021-03-26,4,인스타피드
4 (전체),4 (인스타피드),4 - 2(인스타피드 상세),18-24,female,2021-03-26,22.0,776,780,313.86363636364,6905.0,1.0051546391753,22.0,22.0,14.0,493.21428571,313.86363636,8852.56410256,3.07692308,28.0,,,28.0,4.0,2.0,,,22.0,2021-03-26,2021-03-26,4,인스타피드
4 (전체),4 (인스타피드),4 - 2(인스타피드 상세),25-34,female,2021-03-26,7.0,201,202,314.85714285714,2204.0,1.0049751243781,7.0,7.0,7.0,314.85714286,314.85714286,10910.89108911,4.45544554,9.0,,,9.0,,2.0,,,7.0,2021-03-26,2021-03-26,4,인스타피드
4 (전체),4 (인스타피드),4 - 1(인스타피드 상세),25-34,female,2021-03-26,,3,3,,18.0,1.0,,,,,,6000.0,0.0,,,,,,,,,,2021-03-26,2021-03-26,4,인스타피드
4 (전체),4 (인스타피드),4 - 1(인스타피드 상세),18-24,female,2021-03-26,,4,4,,47.0,1.0,,,,,,11750.0,25.0,,,,,,,,,,2021-03-26,2021-03-26,4,인스타피드
3 (전체),3 (인스타스토리),3 - 2(인스타스토리 상세),18-24,female,2021-03-26,,1,1,,1.0,1.0,,,,,,1000.0,0.0,,,,,,,,,,2021-03-26,2021-03-26,3,인스타스토리
3 (전체),3 (인스타피드),3 - 1(인스타피드 상세),25-34,female,2021-03-26,7.0,210,211,320.57142857143,2244.0,1.0047619047619,7.0,7.0,6.0,374.0,320.57142857,10635.07109005,4.26540284,8.0,,,8.0,1.0,,,,7.0,2021-03-26,2021-03-26,3,인스타피드
3 (전체),3 (인스타스토리),3 - 1(인스타스토리 상세),18-24,female,2021-03-26,8.0,352,352,284.375,2275.0,1.0,8.0,8.0,7.0,325.0,284.375,6463.06818182,2.27272727,8.0,,,8.0,,,,,8.0,2021-03-26,2021-03-26,3,인스타스토리
3 (전체),3 (인스타피드),3 - 1(인스타피드 상세),18-24,female,2021-03-26,15.0,728,731,384.86666666667,5773.0,1.0041208791209,15.0,15.0,13.0,444.07692308,384.86666667,7897.40082079,2.4623803,20.0,,,20.0,1.0,4.0,,,15.0,2021-03-26,2021-03-26,3,인스타피드
3 (전체),3 (인스타피드),3 - 2(인스타피드 상세),25-34,female,2021-03-26,,1,1,,2.0,1.0,,,,,,2000.0,0.0,,,,,,,,,,2021-03-26,2021-03-26,3,인스타피드
3 (전체),3 (인스타피드),3 - 2(인스타피드 상세),18-24,female,2021-03-26,,2,2,,8.0,1.0,,,,,,4000.0,0.0,,,,,,,,,,2021-03-26,2021-03-26,3,인스타피드
2 (전체),2 (인스타스토리),2 - 1(인스타스토리 상세),18-24,male,2021-03-26,2.0,36,37,67.5,135.0,1.0277777777778,2.0,2.0,2.0,67.5,67.5,3648.64864865,5.40540541,2.0,,,2.0,,,,,2.0,2021-03-26,2021-03-26,2,인스타스토리
2 (전체),2 (인스타스토리),2 - 1(인스타스토리 상세),18-24,female,2021-03-26,10.0,597,605,295.0,2950.0,1.0134003350084,9.0,10.0,7.0,421.42857143,295.0,4876.03305785,1.48760331,10.0,,,10.0,,,,,9.0,2021-03-26,2021-03-26,2,인스타스토리
3 (전체),3 (인스타스토리),3 - 1(인스타스토리 상세),25-34,female,2021-03-26,1.0,27,27,271.0,271.0,1.0,1.0,1.0,1.0,271.0,271.0,10037.03703704,7.40740741,1.0,,,1.0,,,,,1.0,2021-03-26,2021-03-26,3,인스타스토리
6 (전체),6 (인스타피드),6 - 1(인스타피드 상세),Unknown,unknown,2021-03-26,,2,2,,4.0,1.0,,,,,,2000.0,0.0,,,,,,,,,,2021-03-26,2021-03-26,6,인스타피드
6 (전체),6 (인스타피드),6 - 1(인스타피드 상세),35-44,unknown,2021-03-26,,1,1,,3.0,1.0,,,,,,3000.0,0.0,,,,,,,,,,2021-03-26,2021-03-26,6,인스타피드
7 (전체),7 (인스타피드),7 - 2(인스타피드 상세),45-54,female,2021-03-26,,10,10,,157.0,1.0,,,,,,15700.0,0.0,,,,,,,,,,2021-03-26,2021-03-26,7,인스타피드
1 (전체),1 (인스타피드),1 - 3(인스타피드 상세),18-24,unknown,2021-03-26,,2,2,,14.0,1.0,,,,,,7000.0,0.0,1.0,,,1.0,1.0,,,,,2021-03-26,2021-03-26,1,인스타피드
7 (전체),7 (페이스북),7 - 2(페이스북 상세),35-44,female,2021-03-26,,32,32,,384.0,1.0,,,,,,12000.0,0.0,,,,,,,,,,2021-03-26,2021-03-26,7,페이스북
7 (전체),7 (페이스북),7 - 2(페이스북 상세),35-44,male,2021-03-26,,27,27,,258.0,1.0,,,,,,9555.55555556,0.0,,,,,,,,,,2021-03-26,2021-03-26,7,페이스북
7 (전체),7 (페이스북),7 - 2(페이스북 상세),45-54,male,2021-03-26,,12,12,,97.0,1.0,,,,,,8083.33333333,0.0,,,,,,,,,,2021-03-26,2021-03-26,7,페이스북
7 (전체),7 (페이스북),7 - 2(페이스북 상세),45-54,female,2021-03-26,,6,6,,62.0,1.0,,,,,,10333.33333333,0.0,,,,,,,,,,2021-03-26,2021-03-26,7,페이스북
7 (전체),7 (페이스북),7 - 2(페이스북 상세),25-34,male,2021-03-26,,6,6,,34.0,1.0,,,,,,5666.66666667,0.0,,,,,,,,,,2021-03-26,2021-03-26,7,페이스북
7 (전체),7 (인스타피드),7 - 1(인스타피드 상세),45-54,female,2021-03-26,2.0,19,19,135.5,271.0,1.0,2.0,2.0,2.0,135.5,135.5,14263.15789474,10.52631579,2.0,,,2.0,,,,,2.0,2021-03-26,2021-03-26,7,인스타피드
7 (전체),7 (인스타피드),7 - 1(인스타피드 상세),35-44,female,2021-03-26,7.0,159,160,273.57142857143,1915.0,1.0062893081761,7.0,7.0,6.0,319.16666667,273.57142857,11968.75,4.375,9.0,,,9.0,2.0,,,,7.0,2021-03-26,2021-03-26,7,인스타피드
7 (전체),7 (인스타피드),7 - 1(인스타피드 상세),35-44,male,2021-03-26,1.0,24,24,266.0,266.0,1.0,1.0,1.0,1.0,266.0,266.0,11083.33333333,4.16666667,1.0,,,1.0,,,,,1.0,2021-03-26,2021-03-26,7,인스타피드
7 (전체),7 (인스타피드),7 - 1(인스타피드 상세),25-34,female,2021-03-26,1.0,140,141,1642.0,1642.0,1.0071428571429,1.0,1.0,1.0,1642.0,1642.0,11645.39007092,1.41843972,1.0,,,1.0,,,,,1.0,2021-03-26,2021-03-26,7,인스타피드
7 (전체),7 (인스타피드),7 - 1(인스타피드 상세),25-34,male,2021-03-26,,18,18,,191.0,1.0,,,,,,10611.11111111,0.0,,,,,,,,,,2021-03-26,2021-03-26,7,인스타피드
7 (전체),7 (인스타피드),7 - 1(인스타피드 상세),35-44,unknown,2021-03-26,,2,2,,15.0,1.0,,,,,,7500.0,0.0,,,,,,,,,,2021-03-26,2021-03-26,7,인스타피드
7 (전체),7 (인스타피드),7 - 1(인스타피드 상세),45-54,male,2021-03-26,,1,1,,5.0,1.0,,,,,,5000.0,0.0,,,,,,,,,,2021-03-26,2021-03-26,7,인스타피드
7 (전체),7 (인스타피드),7 - 1(인스타피드 상세),25-34,unknown,2021-03-26,,1,1,,48.0,1.0,,,,,,48000.0,0.0,,,,,,,,,,2021-03-26,2021-03-26,7,인스타피드
1 (전체),1 (인스타피드),1 - 3(인스타피드 상세),13-17,unknown,2021-03-26,,1,1,,2.0,1.0,,,,,,2000.0,0.0,,,,,,,,,,2021-03-26,2021-03-26,1,인스타피드
1 (전체),1 (인스타피드),1 - 3(인스타피드 상세),18-24,male,2021-03-26,,11,11,,82.0,1.0,,,,,,7454.54545455,0.0,,,,,,,,,,2021-03-26,2021-03-26,1,인스타피드
1 (전체),1 (페이스북),1 - 2(페이스북 상세),13-17,male,2021-03-26,1.0,122,138,481.0,481.0,1.1311475409836,1.0,1.0,,,481.0,3485.50724638,0.72463768,1.0,,,1.0,,,,,1.0,2021-03-26,2021-03-26,1,페이스북
1 (전체),1 (인스타피드),1 - 3(인스타피드 상세),13-17,male,2021-03-26,1.0,23,23,110.0,110.0,1.0,1.0,1.0,1.0,110.0,110.0,4782.60869565,4.34782609,1.0,,,1.0,,,,,1.0,2021-03-26,2021-03-26,1,인스타피드
7 (전체),7 (인스타피드),7 - 2(인스타피드 상세),35-44,male,2021-03-26,,20,20,,149.0,1.0,,,,,,7450.0,0.0,,,,,,,,,,2021-03-26,2021-03-26,7,인스타피드
7 (전체),7 (인스타피드),7 - 2(인스타피드 상세),25-34,male,2021-03-26,1.0,34,34,272.0,272.0,1.0,1.0,1.0,1.0,272.0,272.0,8000.0,2.94117647,1.0,,,1.0,,,,,1.0,2021-03-26,2021-03-26,7,인스타피드
7 (전체),7 (인스타피드),7 - 2(인스타피드 상세),25-34,female,2021-03-26,7.0,157,157,324.0,2268.0,1.0,7.0,7.0,7.0,324.0,324.0,14445.85987261,4.45859873,10.0,,,10.0,3.0,,,,7.0,2021-03-26,2021-03-26,7,인스타피드
7 (전체),7 (인스타피드),7 - 2(인스타피드 상세),35-44,female,2021-03-26,3.0,101,101,476.66666666667,1430.0,1.0,2.0,3.0,3.0,476.66666667,476.66666667,14158.41584158,2.97029703,3.0,,,3.0,,,,,2.0,2021-03-26,2021-03-26,7,인스타피드
1 (전체),1 (인스타피드),1 - 3(인스타피드 상세),13-17,female,2021-03-26,1.0,204,208,1292.0,1292.0,1.0196078431373,1.0,1.0,1.0,1292.0,1292.0,6211.53846154,0.96153846,4.0,,,4.0,1.0,2.0,,,1.0,2021-03-26,2021-03-26,1,인스타피드
1 (전체),1 (인스타피드),1 - 3(인스타피드 상세),18-24,female,2021-03-26,2.0,70,70,333.5,667.0,1.0,2.0,2.0,2.0,333.5,333.5,9528.57142857,2.85714286,2.0,,,2.0,,,,,2.0,2021-03-26,2021-03-26,1,인스타피드
7 (전체),7 (페이스북),7 - 1(페이스북 상세),25-34,unknown,2021-03-26,,1,1,,16.0,1.0,,,,,,16000.0,0.0,,,,,,,,,,2021-03-26,2021-03-26,7,페이스북
7 (전체),7 (페이스북),7 - 1(페이스북 상세),45-54,female,2021-03-26,1.0,17,17,277.0,277.0,1.0,1.0,1.0,,,277.0,16294.11764706,5.88235294,1.0,,,1.0,,,,,1.0,2021-03-26,2021-03-26,7,페이스북
7 (전체),7 (페이스북),7 - 1(페이스북 상세),45-54,unknown,2021-03-26,,1,1,,0.0,1.0,,,,,,0.0,0.0,,,,,,,,,,2021-03-26,2021-03-26,7,페이스북
7 (전체),7 (페이스북),7 - 1(페이스북 상세),25-34,female,2021-03-26,,6,6,,73.0,1.0,,,,,,12166.66666667,0.0,,,,,,,,,,2021-03-26,2021-03-26,7,페이스북
7 (전체),7 (페이스북),7 - 1(페이스북 상세),25-34,male,2021-03-26,,6,6,,32.0,1.0,,,,,,5333.33333333,0.0,,,,,,,,,,2021-03-26,2021-03-26,7,페이스북
7 (전체),7 (페이스북),7 - 1(페이스북 상세),45-54,male,2021-03-26,,11,11,,106.0,1.0,,,,,,9636.36363636,0.0,,,,,,,,,,2021-03-26,2021-03-26,7,페이스북
7 (전체),7 (페이스북),7 - 1(페이스북 상세),35-44,male,2021-03-26,1.0,16,16,208.0,208.0,1.0,1.0,1.0,,,208.0,13000.0,6.25,1.0,,,1.0,,,,,1.0,2021-03-26,2021-03-26,7,페이스북
7 (전체),7 (페이스북),7 - 1(페이스북 상세),35-44,female,2021-03-26,1.0,15,16,188.0,188.0,1.0666666666667,1.0,1.0,1.0,188.0,188.0,11750.0,6.25,1.0,,,1.0,,,,,1.0,2021-03-26,2021-03-26,7,페이스북
1 (전체),1 (페이스북),1 - 2(페이스북 상세),13-17,female,2021-03-26,3.0,182,207,346.0,1038.0,1.1373626373626,3.0,3.0,2.0,519.0,346.0,5014.49275362,1.93236715,3.0,,,3.0,,,,,3.0,2021-03-26,2021-03-26,1,페이스북
1 (전체),1 (페이스북),1 - 2(페이스북 상세),18-24,female,2021-03-26,,11,11,,54.0,1.0,,,,,,4909.09090909,0.0,,,,,,,,,,2021-03-26,2021-03-26,1,페이스북
6 (전체),6 (인스타피드),6 - 1(인스타피드 상세),13-17,unknown,2021-03-26,,1,1,,2.0,1.0,,,,,,2000.0,0.0,,,,,,,,,,2021-03-26,2021-03-26,6,인스타피드
6 (전체),6 (인스타피드),6 - 2(인스타피드 상세),25-34,female,2021-03-26,,47,47,,445.0,1.0,,,,,,9468.08510638,0.0,,,,,,,,,,2021-03-26,2021-03-26,6,인스타피드
1 (전체),1 (인스타스토리),1 - 1(인스타스토리 상세),18-24,female,2021-03-26,1.0,61,61,486.0,486.0,1.0,1.0,1.0,1.0,486.0,486.0,7967.21311475,1.63934426,1.0,,,1.0,,,,,1.0,2021-03-26,2021-03-26,1,인스타스토리
1 (전체),1 (인스타스토리),1 - 3(인스타스토리 상세),13-17,unknown,2021-03-26,,2,2,,10.0,1.0,,,,,,5000.0,0.0,,,,,,,,,,2021-03-26,2021-03-26,1,인스타스토리
1 (전체),1 (인스타스토리),1 - 3(인스타스토리 상세),18-24,male,2021-03-26,,10,10,,45.0,1.0,,,,,,4500.0,0.0,,,,,,,,,,2021-03-26,2021-03-26,1,인스타스토리
1 (전체),1 (인스타스토리),1 - 3(인스타스토리 상세),18-24,female,2021-03-26,2.0,48,48,117.0,234.0,1.0,2.0,2.0,2.0,117.0,117.0,4875.0,4.16666667,2.0,,,2.0,,,,,2.0,2021-03-26,2021-03-26,1,인스타스토리
1 (전체),1 (인스타스토리),1 - 3(인스타스토리 상세),13-17,male,2021-03-26,,53,53,,119.0,1.0,,,,,,2245.28301887,0.0,,,,,,,,,,2021-03-26,2021-03-26,1,인스타스토리
1 (전체),1 (인스타스토리),1 - 3(인스타스토리 상세),13-17,female,2021-03-26,5.0,580,594,338.8,1694.0,1.0241379310345,5.0,5.0,5.0,338.8,338.8,2851.85185185,1.34680135,5.0,,,5.0,,,,,5.0,2021-03-26,2021-03-26,1,인스타스토리
6 (전체),6 (페이스북),6 - 2(페이스북 상세),25-34,female,2021-03-26,,14,15,,148.0,1.0714285714286,,,,,,9866.66666667,6.66666667,1.0,,,1.0,1.0,,,,,2021-03-26,2021-03-26,6,페이스북
6 (전체),6 (페이스북),6 - 2(페이스북 상세),25-34,male,2021-03-26,1.0,17,19,162.0,162.0,1.1176470588235,1.0,1.0,1.0,162.0,162.0,8526.31578947,5.26315789,1.0,,,1.0,,,,,1.0,2021-03-26,2021-03-26,6,페이스북
6 (전체),6 (페이스북),6 - 2(페이스북 상세),45-54,male,2021-03-26,,6,6,,22.0,1.0,,,,,,3666.66666667,0.0,,,,,,,,,,2021-03-26,2021-03-26,6,페이스북
6 (전체),6 (페이스북),6 - 2(페이스북 상세),45-54,female,2021-03-26,,5,5,,29.0,1.0,,,,,,5800.0,0.0,,,,,,,,,,2021-03-26,2021-03-26,6,페이스북
6 (전체),6 (페이스북),6 - 2(페이스북 상세),35-44,female,2021-03-26,,5,5,,46.0,1.0,,,,,,9200.0,0.0,,,,,,,,,,2021-03-26,2021-03-26,6,페이스북
6 (전체),6 (페이스북),6 - 2(페이스북 상세),35-44,male,2021-03-26,,3,3,,64.0,1.0,,,,,,21333.33333333,0.0,,,,,,,,,,2021-03-26,2021-03-26,6,페이스북
6 (전체),6 (페이스북),6 - 2(페이스북 상세),35-44,unknown,2021-03-26,,1,1,,2.0,1.0,,,,,,2000.0,0.0,,,,,,,,,,2021-03-26,2021-03-26,6,페이스북
6 (전체),6 (인스타피드),6 - 2(인스타피드 상세),35-44,female,2021-03-26,1.0,9,9,70.0,70.0,1.0,1.0,1.0,1.0,70.0,70.0,7777.77777778,11.11111111,1.0,,,1.0,,,,,1.0,2021-03-26,2021-03-26,6,인스타피드
6 (전체),6 (인스타피드),6 - 2(인스타피드 상세),25-34,male,2021-03-26,,7,7,,72.0,1.0,,,,,,10285.71428571,0.0,,,,,,,,,,2021-03-26,2021-03-26,6,인스타피드
1 (전체),1 (페이스북),1 - 2(페이스북 상세),18-24,male,2021-03-26,,9,9,,64.0,1.0,,,,,,7111.11111111,0.0,,,,,,,,,,2021-03-26,2021-03-26,1,페이스북
6 (전체),6 (페이스북),6 - 1(페이스북 상세),35-44,female,2021-03-26,,71,71,,510.0,1.0,,,,,,7183.09859155,0.0,,,,,,,,,,2021-03-26,2021-03-26,6,페이스북
7 (전체),7 (인스타스토리),7 - 2(인스타스토리 상세),25-34,male,2021-03-26,,1,1,,3.0,1.0,,,,,,3000.0,0.0,,,,,,,,,,2021-03-26,2021-03-26,7,인스타스토리
7 (전체),7 (인스타스토리),7 - 2(인스타스토리 상세),35-44,female,2021-03-26,,1,1,,20.0,1.0,,,,,,20000.0,0.0,,,,,,,,,,2021-03-26,2021-03-26,7,인스타스토리
7 (전체),7 (인스타스토리),7 - 2(인스타스토리 상세),25-34,female,2021-03-26,,5,5,,23.0,1.0,,,,,,4600.0,0.0,,,,,,,,,,2021-03-26,2021-03-26,7,인스타스토리
6 (전체),6 (페이스북),6 - 1(페이스북 상세),25-34,unknown,2021-03-26,,2,2,,15.0,1.0,,,,,,7500.0,0.0,,,,,,,,,,2021-03-26,2021-03-26,6,페이스북
6 (전체),6 (페이스북),6 - 1(페이스북 상세),45-54,male,2021-03-26,,34,36,,220.0,1.0588235294118,,,,,,6111.11111111,0.0,,,,,,,,,,2021-03-26,2021-03-26,6,페이스북
6 (전체),6 (페이스북),6 - 1(페이스북 상세),35-44,male,2021-03-26,,46,47,,298.0,1.0217391304348,,,,,,6340.42553191,0.0,,,,,,,,,,2021-03-26,2021-03-26,6,페이스북
6 (전체),6 (페이스북),6 - 1(페이스북 상세),25-34,female,2021-03-26,11.0,320,332,298.45454545455,3283.0,1.0375,11.0,11.0,9.0,364.77777778,298.45454545,9888.55421687,6.02409639,13.0,,,13.0,,,2.0,,11.0,2021-03-26,2021-03-26,6,페이스북
6 (전체),6 (인스타피드),6 - 2(인스타피드 상세),35-44,male,2021-03-26,,3,3,,10.0,1.0,,,,,,3333.33333333,0.0,,,,,,,,,,2021-03-26,2021-03-26,6,인스타피드
6 (전체),6 (페이스북),6 - 1(페이스북 상세),45-54,female,2021-03-26,3.0,63,63,123.0,369.0,1.0,3.0,3.0,3.0,123.0,123.0,5857.14285714,6.34920635,3.0,,,3.0,,,,,3.0,2021-03-26,2021-03-26,6,페이스북
6 (전체),6 (페이스북),6 - 1(페이스북 상세),25-34,male,2021-03-26,2.0,91,96,371.5,743.0,1.0549450549451,2.0,2.0,2.0,371.5,371.5,7739.58333333,2.08333333,2.0,,,2.0,,,,,2.0,2021-03-26,2021-03-26,6,페이스북
1 (전체),1 (페이스북),1 - 3(페이스북 상세),13-17,female,2021-03-26,7.0,311,355,243.71428571429,1706.0,1.1414790996785,6.0,7.0,6.0,284.33333333,243.71428571,4805.63380282,4.22535211,8.0,,,8.0,1.0,,,,6.0,2021-03-26,2021-03-26,1,페이스북
1 (전체),1 (페이스북),1 - 3(페이스북 상세),13-17,male,2021-03-26,,160,185,,527.0,1.15625,,,,,,2848.64864865,0.54054054,1.0,,,1.0,,1.0,,,,2021-03-26,2021-03-26,1,페이스북
1 (전체),1 (페이스북),1 - 3(페이스북 상세),18-24,female,2021-03-26,2.0,28,28,74.0,148.0,1.0,2.0,2.0,2.0,74.0,74.0,5285.71428571,7.14285714,2.0,,,2.0,,,,,2.0,2021-03-26,2021-03-26,1,페이스북
1 (전체),1 (페이스북),1 - 3(페이스북 상세),18-24,male,2021-03-26,,17,17,,72.0,1.0,,,,,,4235.29411765,0.0,,,,,,,,,,2021-03-26,2021-03-26,1,페이스북
1 (전체),1 (인스타스토리),1 - 1(인스타스토리 상세),13-17,female,2021-03-26,3.0,217,219,299.0,897.0,1.0092165898618,3.0,3.0,3.0,299.0,299.0,4095.89041096,1.36986301,3.0,,,3.0,,,,,3.0,2021-03-26,2021-03-26,1,인스타스토리
